WH2CKDIMSXVVQEQDS5AR5RF67JHRAY7ELCSQ,0
WH2CKDIMSXVVQEQDS5AR5RF67JHRAY7ELCSR,0
WH2CKDIMSXVVQEQDS5AR5RF67JHRAY7ELCSS,0
WH2CKDIMSXVVQEQDS5AR5RF67JHRAY7ELCST,0
WH2CKDIMSXVVQEQDS5AR5RF67JHRAY7ELCSU,0
WH2CKDIMSXVVQEQDS5AR5RF67JHRAY7ELCSV,0
WH2CKDIMSXVVQEQDS5AR5RF67JHRAY7ELCSW,0
WH2CKDIMSXVVQEQDS5AR5RF67JHRAY7ELCSX,0
WH2CKDIMSXVVQEQDS5AR5RF67JHRAY7ELCSY,0
WH2CKDIMSXVVQEQDS5AR5RF67JHRAY7ELCSZ,0
WH2CKDIMSXVVQEQDS5AR5RF67JHRAY7ELCS2,0
WH2CKDIMSXVVQEQDS5AR5RF67JHRAY7ELCS3,0
WH2CKDIMSXVVQEQDS5AR5RF67JHRAY7ELCS4,0
WH2CKDIMSXVVQEQDS5AR5RF67JHRAY7ELCS5,0
WH2CKDIMSXVVQEQDS5AR5RF67JHRAY7ELCS6,1
WH2CKDIMSXVVQEQDS5AR5RF67JHRAY7ELCS7,0
3UR626NS4TK7GIV5SIXRLEFOCWYLHGEVP36Q,0
3UR626NS4TK7GIV5SIXRLEFOCWYLHGEVP36R,0
3UR626NS4TK7GIV5SIXRLEFOCWYLHGEVP36S,1
3UR626NS4TK7GIV5SIXRLEFOCWYLHGEVP36T,0
3UR626NS4TK7GIV5SIXRLEFOCWYLHGEVP36U,0
3UR626NS4TK7GIV5SIXRLEFOCWYLHGEVP36V,0
3UR626NS4TK7GIV5SIXRLEFOCWYLHGEVP36W,0
3UR626NS4TK7GIV5SIXRLEFOCWYLHGEVP36X,0
3UR626NS4TK7GIV5SIXRLEFOCWYLHGEVP36Y,0
3UR626NS4TK7GIV5SIXRLEFOCWYLHGEVP36Z,0
3UR626NS4TK7GIV5SIXRLEFOCWYLHGEVP362,0
3UR626NS4TK7GIV5SIXRLEFOCWYLHGEVP363,0
3UR626NS4TK7GIV5SIXRLEFOCWYLHGEVP364,0
3UR626NS4TK7GIV5SIXRLEFOCWYLHGEVP365,0
3UR626NS4TK7GIV5SIXRLEFOCWYLHGEVP366,0
3UR626NS4TK7GIV5SIXRLEFOCWYLHGEVP367,0
PA2M2N6K7JFY4ZLYEOZ3KCQ5KAAY5M4KOVRQ,0
PA2M2N6K7JFY4ZLYEOZ3KCQ5KAAY5M4KOVRR,0
PA2M2N6K7JFY4ZLYEOZ3KCQ5KAAY5M4KOVRS,0
PA2M2N6K7JFY4ZLYEOZ3KCQ5KAAY5M4KOVRT,0
PA2M2N6K7JFY4ZLYEOZ3KCQ5KAAY5M4KOVRU,0
PA2M2N6K7JFY4ZLYEOZ3KCQ5KAAY5M4KOVRV,0
PA2M2N6K7JFY4ZLYEOZ3KCQ5KAAY5M4KOVRW,0
PA2M2N6K7JFY4ZLYEOZ3KCQ5KAAY5M4KOVRX,1
PA2M2N6K7JFY4ZLYEOZ3KCQ5KAAY5M4KOVRY,0
PA2M2N6K7JFY4ZLYEOZ3KCQ5KAAY5M4KOVRZ,0
PA2M2N6K7JFY4ZLYEOZ3KCQ5KAAY5M4KOVR2,0
PA2M2N6K7JFY4ZLYEOZ3KCQ5KAAY5M4KOVR3,0
PA2M2N6K7JFY4ZLYEOZ3KCQ5KAAY5M4KOVR4,0
PA2M2N6K7JFY4ZLYEOZ3KCQ5KAAY5M4KOVR5,0
PA2M2N6K7JFY4ZLYEOZ3KCQ5KAAY5M4KOVR6,0
PA2M2N6K7JFY4ZLYEOZ3KCQ5KAAY5M4KOVR7,0
23UMP5NTHDQS4GHZDYASHXEQ4DCN5EDVDYKQ,0
23UMP5NTHDQS4GHZDYASHXEQ4DCN5EDVDYKR,0
23UMP5NTHDQS4GHZDYASHXEQ4DCN5EDVDYKS,0
23UMP5NTHDQS4GHZDYASHXEQ4DCN5EDVDYKT,0
23UMP5NTHDQS4GHZDYASHXEQ4DCN5EDVDYKU,0
23UMP5NTHDQS4GHZDYASHXEQ4DCN5EDVDYKV,0
23UMP5NTHDQS4GHZDYASHXEQ4DCN5EDVDYKW,0
23UMP5NTHDQS4GHZDYASHXEQ4DCN5EDVDYKX,0
23UMP5NTHDQS4GHZDYASHXEQ4DCN5EDVDYKY,0
23UMP5NTHDQS4GHZDYASHXEQ4DCN5EDVDYKZ,0
23UMP5NTHDQS4GHZDYASHXEQ4DCN5EDVDYK2,0
23UMP5NTHDQS4GHZDYASHXEQ4DCN5EDVDYK3,0
23UMP5NTHDQS4GHZDYASHXEQ4DCN5EDVDYK4,1
23UMP5NTHDQS4GHZDYASHXEQ4DCN5EDVDYK5,0
23UMP5NTHDQS4GHZDYASHXEQ4DCN5EDVDYK6,0
23UMP5NTHDQS4GHZDYASHXEQ4DCN5EDVDYK7,0
MLOB5NFIJDFWPXD6ZSYPZKU42QOG54EAJS5Q,0
MLOB5NFIJDFWPXD6ZSYPZKU42QOG54EAJS5R,0
MLOB5NFIJDFWPXD6ZSYPZKU42QOG54EAJS5S,0
MLOB5NFIJDFWPXD6ZSYPZKU42QOG54EAJS5T,0
MLOB5NFIJDFWPXD6ZSYPZKU42QOG54EAJS5U,0
MLOB5NFIJDFWPXD6ZSYPZKU42QOG54EAJS5V,1
MLOB5NFIJDFWPXD6ZSYPZKU42QOG54EAJS5W,0
MLOB5NFIJDFWPXD6ZSYPZKU42QOG54EAJS5X,0
MLOB5NFIJDFWPXD6ZSYPZKU42QOG54EAJS5Y,0
MLOB5NFIJDFWPXD6ZSYPZKU42QOG54EAJS5Z,0
MLOB5NFIJDFWPXD6ZSYPZKU42QOG54EAJS52,0
MLOB5NFIJDFWPXD6ZSYPZKU42QOG54EAJS53,0
MLOB5NFIJDFWPXD6ZSYPZKU42QOG54EAJS54,0
MLOB5NFIJDFWPXD6ZSYPZKU42QOG54EAJS55,0
MLOB5NFIJDFWPXD6ZSYPZKU42QOG54EAJS56,0
MLOB5NFIJDFWPXD6ZSYPZKU42QOG54EAJS57,0
YCZ53MSLGFRVRZ32B5SC56BJEUNS2YGHGPGQ,0
YCZ53MSLGFRVRZ32B5SC56BJEUNS2YGHGPGR,0
YCZ53MSLGFRVRZ32B5SC56BJEUNS2YGHGPGS,0
YCZ53MSLGFRVRZ32B5SC56BJEUNS2YGHGPGT,0
YCZ53MSLGFRVRZ32B5SC56BJEUNS2YGHGPGU,0
YCZ53MSLGFRVRZ32B5SC56BJEUNS2YGHGPGV,0
YCZ53MSLGFRVRZ32B5SC56BJEUNS2YGHGPGW,0
YCZ53MSLGFRVRZ32B5SC56BJEUNS2YGHGPGX,0
YCZ53MSLGFRVRZ32B5SC56BJEUNS2YGHGPGY,0
YCZ53MSLGFRVRZ32B5SC56BJEUNS2YGHGPGZ,0
YCZ53MSLGFRVRZ32B5SC56BJEUNS2YGHGPG2,0
YCZ53MSLGFRVRZ32B5SC56BJEUNS2YGHGPG3,0
YCZ53MSLGFRVRZ32B5SC56BJEUNS2YGHGPG4,1
YCZ53MSLGFRVRZ32B5SC56BJEUNS2YGHGPG5,0
YCZ53MSLGFRVRZ32B5SC56BJEUNS2YGHGPG6,0
YCZ53MSLGFRVRZ32B5SC56BJEUNS2YGHGPG7,0
E23CAZEQBOKVJ3JUBLWRH5SQJKRGJZRBHOAQ,0
E23CAZEQBOKVJ3JUBLWRH5SQJKRGJZRBHOAR,0
E23CAZEQBOKVJ3JUBLWRH5SQJKRGJZRBHOAS,0
E23CAZEQBOKVJ3JUBLWRH5SQJKRGJZRBHOAT,0
E23CAZEQBOKVJ3JUBLWRH5SQJKRGJZRBHOAU,0
E23CAZEQBOKVJ3JUBLWRH5SQJKRGJZRBHOAV,0
E23CAZEQBOKVJ3JUBLWRH5SQJKRGJZRBHOAW,0
E23CAZEQBOKVJ3JUBLWRH5SQJKRGJZRBHOAX,0
E23CAZEQBOKVJ3JUBLWRH5SQJKRGJZRBHOAY,0
E23CAZEQBOKVJ3JUBLWRH5SQJKRGJZRBHOAZ,1
E23CAZEQBOKVJ3JUBLWRH5SQJKRGJZRBHOA2,0
E23CAZEQBOKVJ3JUBLWRH5SQJKRGJZRBHOA3,0
E23CAZEQBOKVJ3JUBLWRH5SQJKRGJZRBHOA4,0
E23CAZEQBOKVJ3JUBLWRH5SQJKRGJZRBHOA5,0
E23CAZEQBOKVJ3JUBLWRH5SQJKRGJZRBHOA6,0
E23CAZEQBOKVJ3JUBLWRH5SQJKRGJZRBHOA7,0
GL2FH2J6VSLHXXFU2VY7PRI5VALB65ETY7HQ,0
GL2FH2J6VSLHXXFU2VY7PRI5VALB65ETY7HR,1
GL2FH2J6VSLHXXFU2VY7PRI5VALB65ETY7HS,0
GL2FH2J6VSLHXXFU2VY7PRI5VALB65ETY7HT,0
GL2FH2J6VSLHXXFU2VY7PRI5VALB65ETY7HU,0
GL2FH2J6VSLHXXFU2VY7PRI5VALB65ETY7HV,0
GL2FH2J6VSLHXXFU2VY7PRI5VALB65ETY7HW,0
GL2FH2J6VSLHXXFU2VY7PRI5VALB65ETY7HX,0
GL2FH2J6VSLHXXFU2VY7PRI5VALB65ETY7HY,0
GL2FH2J6VSLHXXFU2VY7PRI5VALB65ETY7HZ,0
GL2FH2J6VSLHXXFU2VY7PRI5VALB65ETY7H2,0
GL2FH2J6VSLHXXFU2VY7PRI5VALB65ETY7H3,0
GL2FH2J6VSLHXXFU2VY7PRI5VALB65ETY7H4,0
GL2FH2J6VSLHXXFU2VY7PRI5VALB65ETY7H5,0
GL2FH2J6VSLHXXFU2VY7PRI5VALB65ETY7H6,0
GL2FH2J6VSLHXXFU2VY7PRI5VALB65ETY7H7,0
Z2Z4Y3VLGZJ63FPYPPG74DUXW3E2JONGGKRQ,0
Z2Z4Y3VLGZJ63FPYPPG74DUXW3E2JONGGKRR,0
Z2Z4Y3VLGZJ63FPYPPG74DUXW3E2JONGGKRS,0
Z2Z4Y3VLGZJ63FPYPPG74DUXW3E2JONGGKRT,0
Z2Z4Y3VLGZJ63FPYPPG74DUXW3E2JONGGKRU,0
Z2Z4Y3VLGZJ63FPYPPG74DUXW3E2JONGGKRV,0
Z2Z4Y3VLGZJ63FPYPPG74DUXW3E2JONGGKRW,0
Z2Z4Y3VLGZJ63FPYPPG74DUXW3E2JONGGKRX,0
Z2Z4Y3VLGZJ63FPYPPG74DUXW3E2JONGGKRY,0
Z2Z4Y3VLGZJ63FPYPPG74DUXW3E2JONGGKRZ,1
Z2Z4Y3VLGZJ63FPYPPG74DUXW3E2JONGGKR2,0
Z2Z4Y3VLGZJ63FPYPPG74DUXW3E2JONGGKR3,0
Z2Z4Y3VLGZJ63FPYPPG74DUXW3E2JONGGKR4,0
Z2Z4Y3VLGZJ63FPYPPG74DUXW3E2JONGGKR5,0
Z2Z4Y3VLGZJ63FPYPPG74DUXW3E2JONGGKR6,0
Z2Z4Y3VLGZJ63FPYPPG74DUXW3E2JONGGKR7,0
HAHJ2UQSLR75SK7QTXUOJCPM25SUSDERTFAQ,0
HAHJ2UQSLR75SK7QTXUOJCPM25SUSDERTFAR,0
HAHJ2UQSLR75SK7QTXUOJCPM25SUSDERTFAS,0
HAHJ2UQSLR75SK7QTXUOJCPM25SUSDERTFAT,1
HAHJ2UQSLR75SK7QTXUOJCPM25SUSDERTFAU,0
HAHJ2UQSLR75SK7QTXUOJCPM25SUSDERTFAV,0
HAHJ2UQSLR75SK7QTXUOJCPM25SUSDERTFAW,0
HAHJ2UQSLR75SK7QTXUOJCPM25SUSDERTFAX,0
HAHJ2UQSLR75SK7QTXUOJCPM25SUSDERTFAY,0
HAHJ2UQSLR75SK7QTXUOJCPM25SUSDERTFAZ,0
HAHJ2UQSLR75SK7QTXUOJCPM25SUSDERTFA2,0
HAHJ2UQSLR75SK7QTXUOJCPM25SUSDERTFA3,0
HAHJ2UQSLR75SK7QTXUOJCPM25SUSDERTFA4,0
HAHJ2UQSLR75SK7QTXUOJCPM25SUSDERTFA5,0
HAHJ2UQSLR75SK7QTXUOJCPM25SUSDERTFA6,0
HAHJ2UQSLR75SK7QTXUOJCPM25SUSDERTFA7,0
QNDDXTKDW4PJABNSFMLTNFHASKQGRU6P46TQ,0
QNDDXTKDW4PJABNSFMLTNFHASKQGRU6P46TR,0
QNDDXTKDW4PJABNSFMLTNFHASKQGRU6P46TS,0
QNDDXTKDW4PJABNSFMLTNFHASKQGRU6P46TT,0
QNDDXTKDW4PJABNSFMLTNFHASKQGRU6P46TU,0
QNDDXTKDW4PJABNSFMLTNFHASKQGRU6P46TV,0
QNDDXTKDW4PJABNSFMLTNFHASKQGRU6P46TW,0
QNDDXTKDW4PJABNSFMLTNFHASKQGRU6P46TX,0
QNDDXTKDW4PJABNSFMLTNFHASKQGRU6P46TY,1
QNDDXTKDW4PJABNSFMLTNFHASKQGRU6P46TZ,0
QNDDXTKDW4PJABNSFMLTNFHASKQGRU6P46T2,0
QNDDXTKDW4PJABNSFMLTNFHASKQGRU6P46T3,0
QNDDXTKDW4PJABNSFMLTNFHASKQGRU6P46T4,0
QNDDXTKDW4PJABNSFMLTNFHASKQGRU6P46T5,0
QNDDXTKDW4PJABNSFMLTNFHASKQGRU6P46T6,0
QNDDXTKDW4PJABNSFMLTNFHASKQGRU6P46T7,0
SACOM2IB5OXJ3T2463FIGXM55T2CNS6OMKIQ,0
SACOM2IB5OXJ3T2463FIGXM55T2CNS6OMKIR,0
SACOM2IB5OXJ3T2463FIGXM55T2CNS6OMKIS,1
SACOM2IB5OXJ3T2463FIGXM55T2CNS6OMKIT,0
SACOM2IB5OXJ3T2463FIGXM55T2CNS6OMKIU,0
SACOM2IB5OXJ3T2463FIGXM55T2CNS6OMKIV,0
SACOM2IB5OXJ3T2463FIGXM55T2CNS6OMKIW,0
SACOM2IB5OXJ3T2463FIGXM55T2CNS6OMKIX,0
SACOM2IB5OXJ3T2463FIGXM55T2CNS6OMKIY,0
SACOM2IB5OXJ3T2463FIGXM55T2CNS6OMKIZ,0
SACOM2IB5OXJ3T2463FIGXM55T2CNS6OMKI2,0
SACOM2IB5OXJ3T2463FIGXM55T2CNS6OMKI3,0
SACOM2IB5OXJ3T2463FIGXM55T2CNS6OMKI4,0
SACOM2IB5OXJ3T2463FIGXM55T2CNS6OMKI5,0
SACOM2IB5OXJ3T2463FIGXM55T2CNS6OMKI6,0
SACOM2IB5OXJ3T2463FIGXM55T2CNS6OMKI7,0
77RCVGA5OW3HTDUJYE2KMMG5RFHUXZT3LX4Q,0
77RCVGA5OW3HTDUJYE2KMMG5RFHUXZT3LX4R,0
77RCVGA5OW3HTDUJYE2KMMG5RFHUXZT3LX4S,0
77RCVGA5OW3HTDUJYE2KMMG5RFHUXZT3LX4T,0
77RCVGA5OW3HTDUJYE2KMMG5RFHUXZT3LX4U,0
77RCVGA5OW3HTDUJYE2KMMG5RFHUXZT3LX4V,0
77RCVGA5OW3HTDUJYE2KMMG5RFHUXZT3LX4W,0
77RCVGA5OW3HTDUJYE2KMMG5RFHUXZT3LX4X,0
77RCVGA5OW3HTDUJYE2KMMG5RFHUXZT3LX4Y,0
77RCVGA5OW3HTDUJYE2KMMG5RFHUXZT3LX4Z,0
77RCVGA5OW3HTDUJYE2KMMG5RFHUXZT3LX42,1
77RCVGA5OW3HTDUJYE2KMMG5RFHUXZT3LX43,0
77RCVGA5OW3HTDUJYE2KMMG5RFHUXZT3LX44,0
77RCVGA5OW3HTDUJYE2KMMG5RFHUXZT3LX45,0
77RCVGA5OW3HTDUJYE2KMMG5RFHUXZT3LX46,0
77RCVGA5OW3HTDUJYE2KMMG5RFHUXZT3LX47,0
JS5WPKOGZ4UEZ7L5AAZLBPXJHIVSU6YSGCQQ,0
JS5WPKOGZ4UEZ7L5AAZLBPXJHIVSU6YSGCQR,0
JS5WPKOGZ4UEZ7L5AAZLBPXJHIVSU6YSGCQS,0
JS5WPKOGZ4UEZ7L5AAZLBPXJHIVSU6YSGCQT,0
JS5WPKOGZ4UEZ7L5AAZLBPXJHIVSU6YSGCQU,0
JS5WPKOGZ4UEZ7L5AAZLBPXJHIVSU6YSGCQV,0
JS5WPKOGZ4UEZ7L5AAZLBPXJHIVSU6YSGCQW,0
JS5WPKOGZ4UEZ7L5AAZLBPXJHIVSU6YSGCQX,0
JS5WPKOGZ4UEZ7L5AAZLBPXJHIVSU6YSGCQY,1
JS5WPKOGZ4UEZ7L5AAZLBPXJHIVSU6YSGCQZ,0
JS5WPKOGZ4UEZ7L5AAZLBPXJHIVSU6YSGCQ2,0
JS5WPKOGZ4UEZ7L5AAZLBPXJHIVSU6YSGCQ3,0
JS5WPKOGZ4UEZ7L5AAZLBPXJHIVSU6YSGCQ4,0
JS5WPKOGZ4UEZ7L5AAZLBPXJHIVSU6YSGCQ5,0
JS5WPKOGZ4UEZ7L5AAZLBPXJHIVSU6YSGCQ6,0
JS5WPKOGZ4UEZ7L5AAZLBPXJHIVSU6YSGCQ7,0
CLRAXSYUXR7HIVPFFT7GX3AREOUWKOKH2AFQ,0
CLRAXSYUXR7HIVPFFT7GX3AREOUWKOKH2AFR,1
CLRAXSYUXR7HIVPFFT7GX3AREOUWKOKH2AFS,0
CLRAXSYUXR7HIVPFFT7GX3AREOUWKOKH2AFT,0
CLRAXSYUXR7HIVPFFT7GX3AREOUWKOKH2AFU,0
CLRAXSYUXR7HIVPFFT7GX3AREOUWKOKH2AFV,0
CLRAXSYUXR7HIVPFFT7GX3AREOUWKOKH2AFW,0
CLRAXSYUXR7HIVPFFT7GX3AREOUWKOKH2AFX,0
CLRAXSYUXR7HIVPFFT7GX3AREOUWKOKH2AFY,0
CLRAXSYUXR7HIVPFFT7GX3AREOUWKOKH2AFZ,0
CLRAXSYUXR7HIVPFFT7GX3AREOUWKOKH2AF2,0
CLRAXSYUXR7HIVPFFT7GX3AREOUWKOKH2AF3,0
CLRAXSYUXR7HIVPFFT7GX3AREOUWKOKH2AF4,0
CLRAXSYUXR7HIVPFFT7GX3AREOUWKOKH2AF5,0
CLRAXSYUXR7HIVPFFT7GX3AREOUWKOKH2AF6,0
CLRAXSYUXR7HIVPFFT7GX3AREOUWKOKH2AF7,0
26FSPUSOAJZLYK7SFOC2WZH7XNBDHZLWGHKQ,0
26FSPUSOAJZLYK7SFOC2WZH7XNBDHZLWGHKR,0
26FSPUSOAJZLYK7SFOC2WZH7XNBDHZLWGHKS,0
26FSPUSOAJZLYK7SFOC2WZH7XNBDHZLWGHKT,0
26FSPUSOAJZLYK7SFOC2WZH7XNBDHZLWGHKU,0
26FSPUSOAJZLYK7SFOC2WZH7XNBDHZLWGHKV,0
26FSPUSOAJZLYK7SFOC2WZH7XNBDHZLWGHKW,0
26FSPUSOAJZLYK7SFOC2WZH7XNBDHZLWGHKX,0
26FSPUSOAJZLYK7SFOC2WZH7XNBDHZLWGHKY,0
26FSPUSOAJZLYK7SFOC2WZH7XNBDHZLWGHKZ,0
26FSPUSOAJZLYK7SFOC2WZH7XNBDHZLWGHK2,1
26FSPUSOAJZLYK7SFOC2WZH7XNBDHZLWGHK3,0
26FSPUSOAJZLYK7SFOC2WZH7XNBDHZLWGHK4,0
26FSPUSOAJZLYK7SFOC2WZH7XNBDHZLWGHK5,0
26FSPUSOAJZLYK7SFOC2WZH7XNBDHZLWGHK6,0
26FSPUSOAJZLYK7SFOC2WZH7XNBDHZLWGHK7,0
LU6XSLC4IWACRG5BGBLTYBMTNBASX5QL6MRQ,0
LU6XSLC4IWACRG5BGBLTYBMTNBASX5QL6MRR,0
LU6XSLC4IWACRG5BGBLTYBMTNBASX5QL6MRS,0
LU6XSLC4IWACRG5BGBLTYBMTNBASX5QL6MRT,0
LU6XSLC4IWACRG5BGBLTYBMTNBASX5QL6MRU,0
LU6XSLC4IWACRG5BGBLTYBMTNBASX5QL6MRV,1
LU6XSLC4IWACRG5BGBLTYBMTNBASX5QL6MRW,0
LU6XSLC4IWACRG5BGBLTYBMTNBASX5QL6MRX,0
LU6XSLC4IWACRG5BGBLTYBMTNBASX5QL6MRY,0
LU6XSLC4IWACRG5BGBLTYBMTNBASX5QL6MRZ,0
LU6XSLC4IWACRG5BGBLTYBMTNBASX5QL6MR2,0
LU6XSLC4IWACRG5BGBLTYBMTNBASX5QL6MR3,0
LU6XSLC4IWACRG5BGBLTYBMTNBASX5QL6MR4,0
LU6XSLC4IWACRG5BGBLTYBMTNBASX5QL6MR5,0
LU6XSLC4IWACRG5BGBLTYBMTNBASX5QL6MR6,0
LU6XSLC4IWACRG5BGBLTYBMTNBASX5QL6MR7,0
NQ2RRXCBNWLCUUI352WUZFUNA4VMJOW67NRQ,0
NQ2RRXCBNWLCUUI352WUZFUNA4VMJOW67NRR,0
NQ2RRXCBNWLCUUI352WUZFUNA4VMJOW67NRS,0
NQ2RRXCBNWLCUUI352WUZFUNA4VMJOW67NRT,0
NQ2RRXCBNWLCUUI352WUZFUNA4VMJOW67NRU,0
NQ2RRXCBNWLCUUI352WUZFUNA4VMJOW67NRV,1
NQ2RRXCBNWLCUUI352WUZFUNA4VMJOW67NRW,0
NQ2RRXCBNWLCUUI352WUZFUNA4VMJOW67NRX,0
NQ2RRXCBNWLCUUI352WUZFUNA4VMJOW67NRY,0
NQ2RRXCBNWLCUUI352WUZFUNA4VMJOW67NRZ,0
NQ2RRXCBNWLCUUI352WUZFUNA4VMJOW67NR2,0
NQ2RRXCBNWLCUUI352WUZFUNA4VMJOW67NR3,0
NQ2RRXCBNWLCUUI352WUZFUNA4VMJOW67NR4,0
NQ2RRXCBNWLCUUI352WUZFUNA4VMJOW67NR5,0
NQ2RRXCBNWLCUUI352WUZFUNA4VMJOW67NR6,0
NQ2RRXCBNWLCUUI352WUZFUNA4VMJOW67NR7,0
LZN6QXAGG5W2CEPPOQWJ7L7LA7FNDKW6FZXQ,0
LZN6QXAGG5W2CEPPOQWJ7L7LA7FNDKW6FZXR,0
LZN6QXAGG5W2CEPPOQWJ7L7LA7FNDKW6FZXS,0
LZN6QXAGG5W2CEPPOQWJ7L7LA7FNDKW6FZXT,0
LZN6QXAGG5W2CEPPOQWJ7L7LA7FNDKW6FZXU,1
LZN6QXAGG5W2CEPPOQWJ7L7LA7FNDKW6FZXV,0
LZN6QXAGG5W2CEPPOQWJ7L7LA7FNDKW6FZXW,0
LZN6QXAGG5W2CEPPOQWJ7L7LA7FNDKW6FZXX,0
LZN6QXAGG5W2CEPPOQWJ7L7LA7FNDKW6FZXY,0
LZN6QXAGG5W2CEPPOQWJ7L7LA7FNDKW6FZXZ,0
LZN6QXAGG5W2CEPPOQWJ7L7LA7FNDKW6FZX2,0
LZN6QXAGG5W2CEPPOQWJ7L7LA7FNDKW6FZX3,0
LZN6QXAGG5W2CEPPOQWJ7L7LA7FNDKW6FZX4,0
LZN6QXAGG5W2CEPPOQWJ7L7LA7FNDKW6FZX5,0
LZN6QXAGG5W2CEPPOQWJ7L7LA7FNDKW6FZX6,0
LZN6QXAGG5W2CEPPOQWJ7L7LA7FNDKW6FZX7,0
IJN5MSZRTHAYMYQO42FGQMKAMFUBMQLMSKZQ,0
IJN5MSZRTHAYMYQO42FGQMKAMFUBMQLMSKZR,0
IJN5MSZRTHAYMYQO42FGQMKAMFUBMQLMSKZS,0
IJN5MSZRTHAYMYQO42FGQMKAMFUBMQLMSKZT,0
IJN5MSZRTHAYMYQO42FGQMKAMFUBMQLMSKZU,0
IJN5MSZRTHAYMYQO42FGQMKAMFUBMQLMSKZV,0
IJN5MSZRTHAYMYQO42FGQMKAMFUBMQLMSKZW,0
IJN5MSZRTHAYMYQO42FGQMKAMFUBMQLMSKZX,0
IJN5MSZRTHAYMYQO42FGQMKAMFUBMQLMSKZY,0
IJN5MSZRTHAYMYQO42FGQMKAMFUBMQLMSKZZ,0
IJN5MSZRTHAYMYQO42FGQMKAMFUBMQLMSKZ2,1
IJN5MSZRTHAYMYQO42FGQMKAMFUBMQLMSKZ3,0
IJN5MSZRTHAYMYQO42FGQMKAMFUBMQLMSKZ4,0
IJN5MSZRTHAYMYQO42FGQMKAMFUBMQLMSKZ5,0
IJN5MSZRTHAYMYQO42FGQMKAMFUBMQLMSKZ6,0
IJN5MSZRTHAYMYQO42FGQMKAMFUBMQLMSKZ7,0
V2G3SWW26ANGGL44FHN2JGPPOGOVTB47EQAQ,0
V2G3SWW26ANGGL44FHN2JGPPOGOVTB47EQAR,0
V2G3SWW26ANGGL44FHN2JGPPOGOVTB47EQAS,0
V2G3SWW26ANGGL44FHN2JGPPOGOVTB47EQAT,0
V2G3SWW26ANGGL44FHN2JGPPOGOVTB47EQAU,0
V2G3SWW26ANGGL44FHN2JGPPOGOVTB47EQAV,0
V2G3SWW26ANGGL44FHN2JGPPOGOVTB47EQAW,0
V2G3SWW26ANGGL44FHN2JGPPOGOVTB47EQAX,0
V2G3SWW26ANGGL44FHN2JGPPOGOVTB47EQAY,0
V2G3SWW26ANGGL44FHN2JGPPOGOVTB47EQAZ,1
V2G3SWW26ANGGL44FHN2JGPPOGOVTB47EQA2,0
V2G3SWW26ANGGL44FHN2JGPPOGOVTB47EQA3,0
V2G3SWW26ANGGL44FHN2JGPPOGOVTB47EQA4,0
V2G3SWW26ANGGL44FHN2JGPPOGOVTB47EQA5,0
V2G3SWW26ANGGL44FHN2JGPPOGOVTB47EQA6,0
V2G3SWW26ANGGL44FHN2JGPPOGOVTB47EQA7,0
LVE2RR5Y2SZ4M23TT3YO2VC4YOCJBNLW7CFQ,0
LVE2RR5Y2SZ4M23TT3YO2VC4YOCJBNLW7CFR,0
LVE2RR5Y2SZ4M23TT3YO2VC4YOCJBNLW7CFS,0
LVE2RR5Y2SZ4M23TT3YO2VC4YOCJBNLW7CFT,0
LVE2RR5Y2SZ4M23TT3YO2VC4YOCJBNLW7CFU,1
LVE2RR5Y2SZ4M23TT3YO2VC4YOCJBNLW7CFV,0
LVE2RR5Y2SZ4M23TT3YO2VC4YOCJBNLW7CFW,0
LVE2RR5Y2SZ4M23TT3YO2VC4YOCJBNLW7CFX,0
LVE2RR5Y2SZ4M23TT3YO2VC4YOCJBNLW7CFY,0
LVE2RR5Y2SZ4M23TT3YO2VC4YOCJBNLW7CFZ,0
LVE2RR5Y2SZ4M23TT3YO2VC4YOCJBNLW7CF2,0
LVE2RR5Y2SZ4M23TT3YO2VC4YOCJBNLW7CF3,0
LVE2RR5Y2SZ4M23TT3YO2VC4YOCJBNLW7CF4,0
LVE2RR5Y2SZ4M23TT3YO2VC4YOCJBNLW7CF5,0
LVE2RR5Y2SZ4M23TT3YO2VC4YOCJBNLW7CF6,0
LVE2RR5Y2SZ4M23TT3YO2VC4YOCJBNLW7CF7,0
5GBOVKGJ2E2Q576KLOAPUR56NOIZUEGU3SHQ,0
5GBOVKGJ2E2Q576KLOAPUR56NOIZUEGU3SHR,0
5GBOVKGJ2E2Q576KLOAPUR56NOIZUEGU3SHS,0
5GBOVKGJ2E2Q576KLOAPUR56NOIZUEGU3SHT,0
5GBOVKGJ2E2Q576KLOAPUR56NOIZUEGU3SHU,1
5GBOVKGJ2E2Q576KLOAPUR56NOIZUEGU3SHV,0
5GBOVKGJ2E2Q576KLOAPUR56NOIZUEGU3SHW,0
5GBOVKGJ2E2Q576KLOAPUR56NOIZUEGU3SHX,0
5GBOVKGJ2E2Q576KLOAPUR56NOIZUEGU3SHY,0
5GBOVKGJ2E2Q576KLOAPUR56NOIZUEGU3SHZ,0
5GBOVKGJ2E2Q576KLOAPUR56NOIZUEGU3SH2,0
5GBOVKGJ2E2Q576KLOAPUR56NOIZUEGU3SH3,0
5GBOVKGJ2E2Q576KLOAPUR56NOIZUEGU3SH4,0
5GBOVKGJ2E2Q576KLOAPUR56NOIZUEGU3SH5,0
5GBOVKGJ2E2Q576KLOAPUR56NOIZUEGU3SH6,0
5GBOVKGJ2E2Q576KLOAPUR56NOIZUEGU3SH7,0
G3O2DMCNGU5FGCJE6762R6T3WOH6PYFQYWPQ,1
G3O2DMCNGU5FGCJE6762R6T3WOH6PYFQYWPR,0
G3O2DMCNGU5FGCJE6762R6T3WOH6PYFQYWPS,0
G3O2DMCNGU5FGCJE6762R6T3WOH6PYFQYWPT,0
G3O2DMCNGU5FGCJE6762R6T3WOH6PYFQYWPU,0
G3O2DMCNGU5FGCJE6762R6T3WOH6PYFQYWPV,0
G3O2DMCNGU5FGCJE6762R6T3WOH6PYFQYWPW,0
G3O2DMCNGU5FGCJE6762R6T3WOH6PYFQYWPX,0
G3O2DMCNGU5FGCJE6762R6T3WOH6PYFQYWPY,0
G3O2DMCNGU5FGCJE6762R6T3WOH6PYFQYWPZ,0
G3O2DMCNGU5FGCJE6762R6T3WOH6PYFQYWP2,0
G3O2DMCNGU5FGCJE6762R6T3WOH6PYFQYWP3,0
G3O2DMCNGU5FGCJE6762R6T3WOH6PYFQYWP4,0
G3O2DMCNGU5FGCJE6762R6T3WOH6PYFQYWP5,0
G3O2DMCNGU5FGCJE6762R6T3WOH6PYFQYWP6,0
G3O2DMCNGU5FGCJE6762R6T3WOH6PYFQYWP7,0
2NNCVGE5LT6BKJZTFN2OOAC7H5RQF55HMRPQ,0
2NNCVGE5LT6BKJZTFN2OOAC7H5RQF55HMRPR,0
2NNCVGE5LT6BKJZTFN2OOAC7H5RQF55HMRPS,0
2NNCVGE5LT6BKJZTFN2OOAC7H5RQF55HMRPT,0
2NNCVGE5LT6BKJZTFN2OOAC7H5RQF55HMRPU,0
2NNCVGE5LT6BKJZTFN2OOAC7H5RQF55HMRPV,0
2NNCVGE5LT6BKJZTFN2OOAC7H5RQF55HMRPW,0
2NNCVGE5LT6BKJZTFN2OOAC7H5RQF55HMRPX,1
2NNCVGE5LT6BKJZTFN2OOAC7H5RQF55HMRPY,0
2NNCVGE5LT6BKJZTFN2OOAC7H5RQF55HMRPZ,0
2NNCVGE5LT6BKJZTFN2OOAC7H5RQF55HMRP2,0
2NNCVGE5LT6BKJZTFN2OOAC7H5RQF55HMRP3,0
2NNCVGE5LT6BKJZTFN2OOAC7H5RQF55HMRP4,0
2NNCVGE5LT6BKJZTFN2OOAC7H5RQF55HMRP5,0
2NNCVGE5LT6BKJZTFN2OOAC7H5RQF55HMRP6,0
2NNCVGE5LT6BKJZTFN2OOAC7H5RQF55HMRP7,0
2CC5ZAQWFPJQAXBECEDQSBHDUIL4S2R4GL2Q,0
2CC5ZAQWFPJQAXBECEDQSBHDUIL4S2R4GL2R,0
2CC5ZAQWFPJQAXBECEDQSBHDUIL4S2R4GL2S,0
2CC5ZAQWFPJQAXBECEDQSBHDUIL4S2R4GL2T,0
2CC5ZAQWFPJQAXBECEDQSBHDUIL4S2R4GL2U,0
2CC5ZAQWFPJQAXBECEDQSBHDUIL4S2R4GL2V,1
2CC5ZAQWFPJQAXBECEDQSBHDUIL4S2R4GL2W,0
2CC5ZAQWFPJQAXBECEDQSBHDUIL4S2R4GL2X,0
2CC5ZAQWFPJQAXBECEDQSBHDUIL4S2R4GL2Y,0
2CC5ZAQWFPJQAXBECEDQSBHDUIL4S2R4GL2Z,0
2CC5ZAQWFPJQAXBECEDQSBHDUIL4S2R4GL22,0
2CC5ZAQWFPJQAXBECEDQSBHDUIL4S2R4GL23,0
2CC5ZAQWFPJQAXBECEDQSBHDUIL4S2R4GL24,0
2CC5ZAQWFPJQAXBECEDQSBHDUIL4S2R4GL25,0
2CC5ZAQWFPJQAXBECEDQSBHDUIL4S2R4GL26,0
2CC5ZAQWFPJQAXBECEDQSBHDUIL4S2R4GL27,0
HHH7GWT43PDGRALXD5USTORKV5R6MJSPRW3Q,0
HHH7GWT43PDGRALXD5USTORKV5R6MJSPRW3R,0
HHH7GWT43PDGRALXD5USTORKV5R6MJSPRW3S,0
HHH7GWT43PDGRALXD5USTORKV5R6MJSPRW3T,1
HHH7GWT43PDGRALXD5USTORKV5R6MJSPRW3U,0
HHH7GWT43PDGRALXD5USTORKV5R6MJSPRW3V,0
HHH7GWT43PDGRALXD5USTORKV5R6MJSPRW3W,0
HHH7GWT43PDGRALXD5USTORKV5R6MJSPRW3X,0
HHH7GWT43PDGRALXD5USTORKV5R6MJSPRW3Y,0
HHH7GWT43PDGRALXD5USTORKV5R6MJSPRW3Z,0
HHH7GWT43PDGRALXD5USTORKV5R6MJSPRW32,0
HHH7GWT43PDGRALXD5USTORKV5R6MJSPRW33,0
HHH7GWT43PDGRALXD5USTORKV5R6MJSPRW34,0
HHH7GWT43PDGRALXD5USTORKV5R6MJSPRW35,0
HHH7GWT43PDGRALXD5USTORKV5R6MJSPRW36,0
HHH7GWT43PDGRALXD5USTORKV5R6MJSPRW37,0
MIHXBNMZVF4LS5RB3GZZB2YKEX4223H3SXBQ,0
MIHXBNMZVF4LS5RB3GZZB2YKEX4223H3SXBR,0
MIHXBNMZVF4LS5RB3GZZB2YKEX4223H3SXBS,0
MIHXBNMZVF4LS5RB3GZZB2YKEX4223H3SXBT,0
MIHXBNMZVF4LS5RB3GZZB2YKEX4223H3SXBU,0
MIHXBNMZVF4LS5RB3GZZB2YKEX4223H3SXBV,0
MIHXBNMZVF4LS5RB3GZZB2YKEX4223H3SXBW,0
MIHXBNMZVF4LS5RB3GZZB2YKEX4223H3SXBX,0
MIHXBNMZVF4LS5RB3GZZB2YKEX4223H3SXBY,0
MIHXBNMZVF4LS5RB3GZZB2YKEX4223H3SXBZ,0
MIHXBNMZVF4LS5RB3GZZB2YKEX4223H3SXB2,0
MIHXBNMZVF4LS5RB3GZZB2YKEX4223H3SXB3,1
MIHXBNMZVF4LS5RB3GZZB2YKEX4223H3SXB4,0
MIHXBNMZVF4LS5RB3GZZB2YKEX4223H3SXB5,0
MIHXBNMZVF4LS5RB3GZZB2YKEX4223H3SXB6,0
MIHXBNMZVF4LS5RB3GZZB2YKEX4223H3SXB7,0
5CSJFRFIT53PUKFKDWBKSEO5IZX5BXWWM6PQ,1
5CSJFRFIT53PUKFKDWBKSEO5IZX5BXWWM6PR,0
5CSJFRFIT53PUKFKDWBKSEO5IZX5BXWWM6PS,0
5CSJFRFIT53PUKFKDWBKSEO5IZX5BXWWM6PT,0
5CSJFRFIT53PUKFKDWBKSEO5IZX5BXWWM6PU,0
5CSJFRFIT53PUKFKDWBKSEO5IZX5BXWWM6PV,0
5CSJFRFIT53PUKFKDWBKSEO5IZX5BXWWM6PW,0
5CSJFRFIT53PUKFKDWBKSEO5IZX5BXWWM6PX,0
5CSJFRFIT53PUKFKDWBKSEO5IZX5BXWWM6PY,0
5CSJFRFIT53PUKFKDWBKSEO5IZX5BXWWM6PZ,0
5CSJFRFIT53PUKFKDWBKSEO5IZX5BXWWM6P2,0
5CSJFRFIT53PUKFKDWBKSEO5IZX5BXWWM6P3,0
5CSJFRFIT53PUKFKDWBKSEO5IZX5BXWWM6P4,0
5CSJFRFIT53PUKFKDWBKSEO5IZX5BXWWM6P5,0
5CSJFRFIT53PUKFKDWBKSEO5IZX5BXWWM6P6,0
5CSJFRFIT53PUKFKDWBKSEO5IZX5BXWWM6P7,0
QOXUZIDV6V5DNJZITSXGH2OK63LB7WY54H2Q,0
QOXUZIDV6V5DNJZITSXGH2OK63LB7WY54H2R,0
QOXUZIDV6V5DNJZITSXGH2OK63LB7WY54H2S,0
QOXUZIDV6V5DNJZITSXGH2OK63LB7WY54H2T,0
QOXUZIDV6V5DNJZITSXGH2OK63LB7WY54H2U,0
QOXUZIDV6V5DNJZITSXGH2OK63LB7WY54H2V,0
QOXUZIDV6V5DNJZITSXGH2OK63LB7WY54H2W,0
QOXUZIDV6V5DNJZITSXGH2OK63LB7WY54H2X,0
QOXUZIDV6V5DNJZITSXGH2OK63LB7WY54H2Y,0
QOXUZIDV6V5DNJZITSXGH2OK63LB7WY54H2Z,0
QOXUZIDV6V5DNJZITSXGH2OK63LB7WY54H22,0
QOXUZIDV6V5DNJZITSXGH2OK63LB7WY54H23,0
QOXUZIDV6V5DNJZITSXGH2OK63LB7WY54H24,0
QOXUZIDV6V5DNJZITSXGH2OK63LB7WY54H25,0
QOXUZIDV6V5DNJZITSXGH2OK63LB7WY54H26,1
QOXUZIDV6V5DNJZITSXGH2OK63LB7WY54H27,0
U4T7TDRVQ2MT3MV6ZDY2DZLFWEBMHE2CV53Q,0
U4T7TDRVQ2MT3MV6ZDY2DZLFWEBMHE2CV53R,0
U4T7TDRVQ2MT3MV6ZDY2DZLFWEBMHE2CV53S,0
U4T7TDRVQ2MT3MV6ZDY2DZLFWEBMHE2CV53T,0
U4T7TDRVQ2MT3MV6ZDY2DZLFWEBMHE2CV53U,0
U4T7TDRVQ2MT3MV6ZDY2DZLFWEBMHE2CV53V,1
U4T7TDRVQ2MT3MV6ZDY2DZLFWEBMHE2CV53W,0
U4T7TDRVQ2MT3MV6ZDY2DZLFWEBMHE2CV53X,0
U4T7TDRVQ2MT3MV6ZDY2DZLFWEBMHE2CV53Y,0
U4T7TDRVQ2MT3MV6ZDY2DZLFWEBMHE2CV53Z,0
U4T7TDRVQ2MT3MV6ZDY2DZLFWEBMHE2CV532,0
U4T7TDRVQ2MT3MV6ZDY2DZLFWEBMHE2CV533,0
U4T7TDRVQ2MT3MV6ZDY2DZLFWEBMHE2CV534,0
U4T7TDRVQ2MT3MV6ZDY2DZLFWEBMHE2CV535,0
U4T7TDRVQ2MT3MV6ZDY2DZLFWEBMHE2CV536,0
U4T7TDRVQ2MT3MV6ZDY2DZLFWEBMHE2CV537,0
TRA7HI4Q43ZUGO4EXMN3DIGJXL4FAUJT4P6Q,0
TRA7HI4Q43ZUGO4EXMN3DIGJXL4FAUJT4P6R,0
TRA7HI4Q43ZUGO4EXMN3DIGJXL4FAUJT4P6S,0
TRA7HI4Q43ZUGO4EXMN3DIGJXL4FAUJT4P6T,0
TRA7HI4Q43ZUGO4EXMN3DIGJXL4FAUJT4P6U,0
TRA7HI4Q43ZUGO4EXMN3DIGJXL4FAUJT4P6V,0
TRA7HI4Q43ZUGO4EXMN3DIGJXL4FAUJT4P6W,0
TRA7HI4Q43ZUGO4EXMN3DIGJXL4FAUJT4P6X,0
TRA7HI4Q43ZUGO4EXMN3DIGJXL4FAUJT4P6Y,0
TRA7HI4Q43ZUGO4EXMN3DIGJXL4FAUJT4P6Z,0
TRA7HI4Q43ZUGO4EXMN3DIGJXL4FAUJT4P62,0
TRA7HI4Q43ZUGO4EXMN3DIGJXL4FAUJT4P63,1
TRA7HI4Q43ZUGO4EXMN3DIGJXL4FAUJT4P64,0
TRA7HI4Q43ZUGO4EXMN3DIGJXL4FAUJT4P65,0
TRA7HI4Q43ZUGO4EXMN3DIGJXL4FAUJT4P66,0
TRA7HI4Q43ZUGO4EXMN3DIGJXL4FAUJT4P67,0
QBOI7J5C2B7CW7DMV7KLOEDJE43UYTVS7K6Q,0
QBOI7J5C2B7CW7DMV7KLOEDJE43UYTVS7K6R,0
QBOI7J5C2B7CW7DMV7KLOEDJE43UYTVS7K6S,1
QBOI7J5C2B7CW7DMV7KLOEDJE43UYTVS7K6T,0
QBOI7J5C2B7CW7DMV7KLOEDJE43UYTVS7K6U,0
QBOI7J5C2B7CW7DMV7KLOEDJE43UYTVS7K6V,0
QBOI7J5C2B7CW7DMV7KLOEDJE43UYTVS7K6W,0
QBOI7J5C2B7CW7DMV7KLOEDJE43UYTVS7K6X,0
QBOI7J5C2B7CW7DMV7KLOEDJE43UYTVS7K6Y,0
QBOI7J5C2B7CW7DMV7KLOEDJE43UYTVS7K6Z,0
QBOI7J5C2B7CW7DMV7KLOEDJE43UYTVS7K62,0
QBOI7J5C2B7CW7DMV7KLOEDJE43UYTVS7K63,0
QBOI7J5C2B7CW7DMV7KLOEDJE43UYTVS7K64,0
QBOI7J5C2B7CW7DMV7KLOEDJE43UYTVS7K65,0
QBOI7J5C2B7CW7DMV7KLOEDJE43UYTVS7K66,0
QBOI7J5C2B7CW7DMV7KLOEDJE43UYTVS7K67,0
TCA2V2TLGE2OYX3F4NZC2UYII2VOFWODCDFQ,0
TCA2V2TLGE2OYX3F4NZC2UYII2VOFWODCDFR,0
TCA2V2TLGE2OYX3F4NZC2UYII2VOFWODCDFS,0
TCA2V2TLGE2OYX3F4NZC2UYII2VOFWODCDFT,0
TCA2V2TLGE2OYX3F4NZC2UYII2VOFWODCDFU,0
TCA2V2TLGE2OYX3F4NZC2UYII2VOFWODCDFV,0
TCA2V2TLGE2OYX3F4NZC2UYII2VOFWODCDFW,0
TCA2V2TLGE2OYX3F4NZC2UYII2VOFWODCDFX,0
TCA2V2TLGE2OYX3F4NZC2UYII2VOFWODCDFY,0
TCA2V2TLGE2OYX3F4NZC2UYII2VOFWODCDFZ,0
TCA2V2TLGE2OYX3F4NZC2UYII2VOFWODCDF2,0
TCA2V2TLGE2OYX3F4NZC2UYII2VOFWODCDF3,0
TCA2V2TLGE2OYX3F4NZC2UYII2VOFWODCDF4,0
TCA2V2TLGE2OYX3F4NZC2UYII2VOFWODCDF5,1
TCA2V2TLGE2OYX3F4NZC2UYII2VOFWODCDF6,0
TCA2V2TLGE2OYX3F4NZC2UYII2VOFWODCDF7,0
UZ74LBF2ASEZGR5DUC7ANGHQIKV2D3KBQIJQ,0
UZ74LBF2ASEZGR5DUC7ANGHQIKV2D3KBQIJR,0
UZ74LBF2ASEZGR5DUC7ANGHQIKV2D3KBQIJS,0
UZ74LBF2ASEZGR5DUC7ANGHQIKV2D3KBQIJT,0
UZ74LBF2ASEZGR5DUC7ANGHQIKV2D3KBQIJU,0
UZ74LBF2ASEZGR5DUC7ANGHQIKV2D3KBQIJV,0
UZ74LBF2ASEZGR5DUC7ANGHQIKV2D3KBQIJW,0
UZ74LBF2ASEZGR5DUC7ANGHQIKV2D3KBQIJX,0
UZ74LBF2ASEZGR5DUC7ANGHQIKV2D3KBQIJY,0
UZ74LBF2ASEZGR5DUC7ANGHQIKV2D3KBQIJZ,0
UZ74LBF2ASEZGR5DUC7ANGHQIKV2D3KBQIJ2,0
UZ74LBF2ASEZGR5DUC7ANGHQIKV2D3KBQIJ3,0
UZ74LBF2ASEZGR5DUC7ANGHQIKV2D3KBQIJ4,0
UZ74LBF2ASEZGR5DUC7ANGHQIKV2D3KBQIJ5,0
UZ74LBF2ASEZGR5DUC7ANGHQIKV2D3KBQIJ6,0
UZ74LBF2ASEZGR5DUC7ANGHQIKV2D3KBQIJ7,1
6DD6DWAFGAJZMZGZYPUH6252D4YUCPEROFSQ,0
6DD6DWAFGAJZMZGZYPUH6252D4YUCPEROFSR,0
6DD6DWAFGAJZMZGZYPUH6252D4YUCPEROFSS,1
6DD6DWAFGAJZMZGZYPUH6252D4YUCPEROFST,0
6DD6DWAFGAJZMZGZYPUH6252D4YUCPEROFSU,0
6DD6DWAFGAJZMZGZYPUH6252D4YUCPEROFSV,0
6DD6DWAFGAJZMZGZYPUH6252D4YUCPEROFSW,0
6DD6DWAFGAJZMZGZYPUH6252D4YUCPEROFSX,0
6DD6DWAFGAJZMZGZYPUH6252D4YUCPEROFSY,0
6DD6DWAFGAJZMZGZYPUH6252D4YUCPEROFSZ,0
6DD6DWAFGAJZMZGZYPUH6252D4YUCPEROFS2,0
6DD6DWAFGAJZMZGZYPUH6252D4YUCPEROFS3,0
6DD6DWAFGAJZMZGZYPUH6252D4YUCPEROFS4,0
6DD6DWAFGAJZMZGZYPUH6252D4YUCPEROFS5,0
6DD6DWAFGAJZMZGZYPUH6252D4YUCPEROFS6,0
6DD6DWAFGAJZMZGZYPUH6252D4YUCPEROFS7,0
65WLK4LT7TPVDAK6AGNSVE244PW4IJIGOIUQ,0
65WLK4LT7TPVDAK6AGNSVE244PW4IJIGOIUR,0
65WLK4LT7TPVDAK6AGNSVE244PW4IJIGOIUS,0
65WLK4LT7TPVDAK6AGNSVE244PW4IJIGOIUT,0
65WLK4LT7TPVDAK6AGNSVE244PW4IJIGOIUU,0
65WLK4LT7TPVDAK6AGNSVE244PW4IJIGOIUV,0
65WLK4LT7TPVDAK6AGNSVE244PW4IJIGOIUW,0
65WLK4LT7TPVDAK6AGNSVE244PW4IJIGOIUX,0
65WLK4LT7TPVDAK6AGNSVE244PW4IJIGOIUY,0
65WLK4LT7TPVDAK6AGNSVE244PW4IJIGOIUZ,0
65WLK4LT7TPVDAK6AGNSVE244PW4IJIGOIU2,1
65WLK4LT7TPVDAK6AGNSVE244PW4IJIGOIU3,0
65WLK4LT7TPVDAK6AGNSVE244PW4IJIGOIU4,0
65WLK4LT7TPVDAK6AGNSVE244PW4IJIGOIU5,0
65WLK4LT7TPVDAK6AGNSVE244PW4IJIGOIU6,0
65WLK4LT7TPVDAK6AGNSVE244PW4IJIGOIU7,0
XKJFKS57OZTXUYYFR6V2X2IIL6QDEAXWKFSQ,0
XKJFKS57OZTXUYYFR6V2X2IIL6QDEAXWKFSR,0
XKJFKS57OZTXUYYFR6V2X2IIL6QDEAXWKFSS,0
XKJFKS57OZTXUYYFR6V2X2IIL6QDEAXWKFST,0
XKJFKS57OZTXUYYFR6V2X2IIL6QDEAXWKFSU,0
XKJFKS57OZTXUYYFR6V2X2IIL6QDEAXWKFSV,0
XKJFKS57OZTXUYYFR6V2X2IIL6QDEAXWKFSW,1
XKJFKS57OZTXUYYFR6V2X2IIL6QDEAXWKFSX,0
XKJFKS57OZTXUYYFR6V2X2IIL6QDEAXWKFSY,0
XKJFKS57OZTXUYYFR6V2X2IIL6QDEAXWKFSZ,0
XKJFKS57OZTXUYYFR6V2X2IIL6QDEAXWKFS2,0
XKJFKS57OZTXUYYFR6V2X2IIL6QDEAXWKFS3,0
XKJFKS57OZTXUYYFR6V2X2IIL6QDEAXWKFS4,0
XKJFKS57OZTXUYYFR6V2X2IIL6QDEAXWKFS5,0
XKJFKS57OZTXUYYFR6V2X2IIL6QDEAXWKFS6,0
XKJFKS57OZTXUYYFR6V2X2IIL6QDEAXWKFS7,0
GDB4UB3EK3UGBPBFH2CS3QVOJ55OB3IYELFQ,0
GDB4UB3EK3UGBPBFH2CS3QVOJ55OB3IYELFR,0
GDB4UB3EK3UGBPBFH2CS3QVOJ55OB3IYELFS,0
GDB4UB3EK3UGBPBFH2CS3QVOJ55OB3IYELFT,0
GDB4UB3EK3UGBPBFH2CS3QVOJ55OB3IYELFU,0
GDB4UB3EK3UGBPBFH2CS3QVOJ55OB3IYELFV,0
GDB4UB3EK3UGBPBFH2CS3QVOJ55OB3IYELFW,0
GDB4UB3EK3UGBPBFH2CS3QVOJ55OB3IYELFX,0
GDB4UB3EK3UGBPBFH2CS3QVOJ55OB3IYELFY,0
GDB4UB3EK3UGBPBFH2CS3QVOJ55OB3IYELFZ,0
GDB4UB3EK3UGBPBFH2CS3QVOJ55OB3IYELF2,0
GDB4UB3EK3UGBPBFH2CS3QVOJ55OB3IYELF3,0
GDB4UB3EK3UGBPBFH2CS3QVOJ55OB3IYELF4,0
GDB4UB3EK3UGBPBFH2CS3QVOJ55OB3IYELF5,1
GDB4UB3EK3UGBPBFH2CS3QVOJ55OB3IYELF6,0
GDB4UB3EK3UGBPBFH2CS3QVOJ55OB3IYELF7,0
6CVIVONPYZTDXI6KEFD4MLEVR4M3EV647AVQ,0
6CVIVONPYZTDXI6KEFD4MLEVR4M3EV647AVR,0
6CVIVONPYZTDXI6KEFD4MLEVR4M3EV647AVS,0
6CVIVONPYZTDXI6KEFD4MLEVR4M3EV647AVT,0
6CVIVONPYZTDXI6KEFD4MLEVR4M3EV647AVU,0
6CVIVONPYZTDXI6KEFD4MLEVR4M3EV647AVV,0
6CVIVONPYZTDXI6KEFD4MLEVR4M3EV647AVW,0
6CVIVONPYZTDXI6KEFD4MLEVR4M3EV647AVX,0
6CVIVONPYZTDXI6KEFD4MLEVR4M3EV647AVY,0
6CVIVONPYZTDXI6KEFD4MLEVR4M3EV647AVZ,0
6CVIVONPYZTDXI6KEFD4MLEVR4M3EV647AV2,0
6CVIVONPYZTDXI6KEFD4MLEVR4M3EV647AV3,0
6CVIVONPYZTDXI6KEFD4MLEVR4M3EV647AV4,1
6CVIVONPYZTDXI6KEFD4MLEVR4M3EV647AV5,0
6CVIVONPYZTDXI6KEFD4MLEVR4M3EV647AV6,0
6CVIVONPYZTDXI6KEFD4MLEVR4M3EV647AV7,0
K3WR2WLDP4AGXWLNYYCGMHKXQMTQHIJREPYQ,0
K3WR2WLDP4AGXWLNYYCGMHKXQMTQHIJREPYR,0
K3WR2WLDP4AGXWLNYYCGMHKXQMTQHIJREPYS,0
K3WR2WLDP4AGXWLNYYCGMHKXQMTQHIJREPYT,1
K3WR2WLDP4AGXWLNYYCGMHKXQMTQHIJREPYU,0
K3WR2WLDP4AGXWLNYYCGMHKXQMTQHIJREPYV,0
K3WR2WLDP4AGXWLNYYCGMHKXQMTQHIJREPYW,0
K3WR2WLDP4AGXWLNYYCGMHKXQMTQHIJREPYX,0
K3WR2WLDP4AGXWLNYYCGMHKXQMTQHIJREPYY,0
K3WR2WLDP4AGXWLNYYCGMHKXQMTQHIJREPYZ,0
K3WR2WLDP4AGXWLNYYCGMHKXQMTQHIJREPY2,0
K3WR2WLDP4AGXWLNYYCGMHKXQMTQHIJREPY3,0
K3WR2WLDP4AGXWLNYYCGMHKXQMTQHIJREPY4,0
K3WR2WLDP4AGXWLNYYCGMHKXQMTQHIJREPY5,0
K3WR2WLDP4AGXWLNYYCGMHKXQMTQHIJREPY6,0
K3WR2WLDP4AGXWLNYYCGMHKXQMTQHIJREPY7,0
AYPUFMPA2YY2XHLEZK4IJB22VBO3VNSHRMNQ,0
AYPUFMPA2YY2XHLEZK4IJB22VBO3VNSHRMNR,0
AYPUFMPA2YY2XHLEZK4IJB22VBO3VNSHRMNS,0
AYPUFMPA2YY2XHLEZK4IJB22VBO3VNSHRMNT,0
AYPUFMPA2YY2XHLEZK4IJB22VBO3VNSHRMNU,0
AYPUFMPA2YY2XHLEZK4IJB22VBO3VNSHRMNV,0
AYPUFMPA2YY2XHLEZK4IJB22VBO3VNSHRMNW,0
AYPUFMPA2YY2XHLEZK4IJB22VBO3VNSHRMNX,1
AYPUFMPA2YY2XHLEZK4IJB22VBO3VNSHRMNY,0
AYPUFMPA2YY2XHLEZK4IJB22VBO3VNSHRMNZ,0
AYPUFMPA2YY2XHLEZK4IJB22VBO3VNSHRMN2,0
AYPUFMPA2YY2XHLEZK4IJB22VBO3VNSHRMN3,0
AYPUFMPA2YY2XHLEZK4IJB22VBO3VNSHRMN4,0
AYPUFMPA2YY2XHLEZK4IJB22VBO3VNSHRMN5,0
AYPUFMPA2YY2XHLEZK4IJB22VBO3VNSHRMN6,0
AYPUFMPA2YY2XHLEZK4IJB22VBO3VNSHRMN7,0
BY4KGLX5N4CPPWZJP7MEAN4DYDNFEYAVF6OQ,0
BY4KGLX5N4CPPWZJP7MEAN4DYDNFEYAVF6OR,0
BY4KGLX5N4CPPWZJP7MEAN4DYDNFEYAVF6OS,0
BY4KGLX5N4CPPWZJP7MEAN4DYDNFEYAVF6OT,0
BY4KGLX5N4CPPWZJP7MEAN4DYDNFEYAVF6OU,0
BY4KGLX5N4CPPWZJP7MEAN4DYDNFEYAVF6OV,0
BY4KGLX5N4CPPWZJP7MEAN4DYDNFEYAVF6OW,0
BY4KGLX5N4CPPWZJP7MEAN4DYDNFEYAVF6OX,0
BY4KGLX5N4CPPWZJP7MEAN4DYDNFEYAVF6OY,1
BY4KGLX5N4CPPWZJP7MEAN4DYDNFEYAVF6OZ,0
BY4KGLX5N4CPPWZJP7MEAN4DYDNFEYAVF6O2,0
BY4KGLX5N4CPPWZJP7MEAN4DYDNFEYAVF6O3,0
BY4KGLX5N4CPPWZJP7MEAN4DYDNFEYAVF6O4,0
BY4KGLX5N4CPPWZJP7MEAN4DYDNFEYAVF6O5,0
BY4KGLX5N4CPPWZJP7MEAN4DYDNFEYAVF6O6,0
BY4KGLX5N4CPPWZJP7MEAN4DYDNFEYAVF6O7,0
XGILLDM4K3C7D23Z5FC5SEOV6BVZYEKUSV6Q,0
XGILLDM4K3C7D23Z5FC5SEOV6BVZYEKUSV6R,0
XGILLDM4K3C7D23Z5FC5SEOV6BVZYEKUSV6S,0
XGILLDM4K3C7D23Z5FC5SEOV6BVZYEKUSV6T,0
XGILLDM4K3C7D23Z5FC5SEOV6BVZYEKUSV6U,0
XGILLDM4K3C7D23Z5FC5SEOV6BVZYEKUSV6V,0
XGILLDM4K3C7D23Z5FC5SEOV6BVZYEKUSV6W,0
XGILLDM4K3C7D23Z5FC5SEOV6BVZYEKUSV6X,0
XGILLDM4K3C7D23Z5FC5SEOV6BVZYEKUSV6Y,0
XGILLDM4K3C7D23Z5FC5SEOV6BVZYEKUSV6Z,0
XGILLDM4K3C7D23Z5FC5SEOV6BVZYEKUSV62,0
XGILLDM4K3C7D23Z5FC5SEOV6BVZYEKUSV63,0
XGILLDM4K3C7D23Z5FC5SEOV6BVZYEKUSV64,0
XGILLDM4K3C7D23Z5FC5SEOV6BVZYEKUSV65,1
XGILLDM4K3C7D23Z5FC5SEOV6BVZYEKUSV66,0
XGILLDM4K3C7D23Z5FC5SEOV6BVZYEKUSV67,0
DL3WNY7YCHCKG5Z6BA366M6GD36QKUFJXSCQ,0
DL3WNY7YCHCKG5Z6BA366M6GD36QKUFJXSCR,0
DL3WNY7YCHCKG5Z6BA366M6GD36QKUFJXSCS,0
DL3WNY7YCHCKG5Z6BA366M6GD36QKUFJXSCT,0
DL3WNY7YCHCKG5Z6BA366M6GD36QKUFJXSCU,0
DL3WNY7YCHCKG5Z6BA366M6GD36QKUFJXSCV,1
DL3WNY7YCHCKG5Z6BA366M6GD36QKUFJXSCW,0
DL3WNY7YCHCKG5Z6BA366M6GD36QKUFJXSCX,0
DL3WNY7YCHCKG5Z6BA366M6GD36QKUFJXSCY,0
DL3WNY7YCHCKG5Z6BA366M6GD36QKUFJXSCZ,0
DL3WNY7YCHCKG5Z6BA366M6GD36QKUFJXSC2,0
DL3WNY7YCHCKG5Z6BA366M6GD36QKUFJXSC3,0
DL3WNY7YCHCKG5Z6BA366M6GD36QKUFJXSC4,0
DL3WNY7YCHCKG5Z6BA366M6GD36QKUFJXSC5,0
DL3WNY7YCHCKG5Z6BA366M6GD36QKUFJXSC6,0
DL3WNY7YCHCKG5Z6BA366M6GD36QKUFJXSC7,0
457VGTUYOPJMDBCW7YNHO6AESTXBDXTJCKHQ,0
457VGTUYOPJMDBCW7YNHO6AESTXBDXTJCKHR,1
457VGTUYOPJMDBCW7YNHO6AESTXBDXTJCKHS,0
457VGTUYOPJMDBCW7YNHO6AESTXBDXTJCKHT,0
457VGTUYOPJMDBCW7YNHO6AESTXBDXTJCKHU,0
457VGTUYOPJMDBCW7YNHO6AESTXBDXTJCKHV,0
457VGTUYOPJMDBCW7YNHO6AESTXBDXTJCKHW,0
457VGTUYOPJMDBCW7YNHO6AESTXBDXTJCKHX,0
457VGTUYOPJMDBCW7YNHO6AESTXBDXTJCKHY,0
457VGTUYOPJMDBCW7YNHO6AESTXBDXTJCKHZ,0
457VGTUYOPJMDBCW7YNHO6AESTXBDXTJCKH2,0
457VGTUYOPJMDBCW7YNHO6AESTXBDXTJCKH3,0
457VGTUYOPJMDBCW7YNHO6AESTXBDXTJCKH4,0
457VGTUYOPJMDBCW7YNHO6AESTXBDXTJCKH5,0
457VGTUYOPJMDBCW7YNHO6AESTXBDXTJCKH6,0
457VGTUYOPJMDBCW7YNHO6AESTXBDXTJCKH7,0
QBP3EC6RPOIYW6IFRFWY7USB4SS2TOR7AXSQ,0
QBP3EC6RPOIYW6IFRFWY7USB4SS2TOR7AXSR,1
QBP3EC6RPOIYW6IFRFWY7USB4SS2TOR7AXSS,0
QBP3EC6RPOIYW6IFRFWY7USB4SS2TOR7AXST,0
QBP3EC6RPOIYW6IFRFWY7USB4SS2TOR7AXSU,0
QBP3EC6RPOIYW6IFRFWY7USB4SS2TOR7AXSV,0
QBP3EC6RPOIYW6IFRFWY7USB4SS2TOR7AXSW,0
QBP3EC6RPOIYW6IFRFWY7USB4SS2TOR7AXSX,0
QBP3EC6RPOIYW6IFRFWY7USB4SS2TOR7AXSY,0
QBP3EC6RPOIYW6IFRFWY7USB4SS2TOR7AXSZ,0
QBP3EC6RPOIYW6IFRFWY7USB4SS2TOR7AXS2,0
QBP3EC6RPOIYW6IFRFWY7USB4SS2TOR7AXS3,0
QBP3EC6RPOIYW6IFRFWY7USB4SS2TOR7AXS4,0
QBP3EC6RPOIYW6IFRFWY7USB4SS2TOR7AXS5,0
QBP3EC6RPOIYW6IFRFWY7USB4SS2TOR7AXS6,0
QBP3EC6RPOIYW6IFRFWY7USB4SS2TOR7AXS7,0
ZKV7YUPJJB7C5JEPM2LZFGW26IFQNXGHUZQQ,0
ZKV7YUPJJB7C5JEPM2LZFGW26IFQNXGHUZQR,0
ZKV7YUPJJB7C5JEPM2LZFGW26IFQNXGHUZQS,0
ZKV7YUPJJB7C5JEPM2LZFGW26IFQNXGHUZQT,0
ZKV7YUPJJB7C5JEPM2LZFGW26IFQNXGHUZQU,0
ZKV7YUPJJB7C5JEPM2LZFGW26IFQNXGHUZQV,0
ZKV7YUPJJB7C5JEPM2LZFGW26IFQNXGHUZQW,0
ZKV7YUPJJB7C5JEPM2LZFGW26IFQNXGHUZQX,0
ZKV7YUPJJB7C5JEPM2LZFGW26IFQNXGHUZQY,0
ZKV7YUPJJB7C5JEPM2LZFGW26IFQNXGHUZQZ,0
ZKV7YUPJJB7C5JEPM2LZFGW26IFQNXGHUZQ2,0
ZKV7YUPJJB7C5JEPM2LZFGW26IFQNXGHUZQ3,1
ZKV7YUPJJB7C5JEPM2LZFGW26IFQNXGHUZQ4,0
ZKV7YUPJJB7C5JEPM2LZFGW26IFQNXGHUZQ5,0
ZKV7YUPJJB7C5JEPM2LZFGW26IFQNXGHUZQ6,0
ZKV7YUPJJB7C5JEPM2LZFGW26IFQNXGHUZQ7,0
NZPF24WH5LNRDBZ7GBAGOGJW5HGO63FC7VVQ,0
NZPF24WH5LNRDBZ7GBAGOGJW5HGO63FC7VVR,0
NZPF24WH5LNRDBZ7GBAGOGJW5HGO63FC7VVS,0
NZPF24WH5LNRDBZ7GBAGOGJW5HGO63FC7VVT,0
NZPF24WH5LNRDBZ7GBAGOGJW5HGO63FC7VVU,0
NZPF24WH5LNRDBZ7GBAGOGJW5HGO63FC7VVV,0
NZPF24WH5LNRDBZ7GBAGOGJW5HGO63FC7VVW,0
NZPF24WH5LNRDBZ7GBAGOGJW5HGO63FC7VVX,0
NZPF24WH5LNRDBZ7GBAGOGJW5HGO63FC7VVY,0
NZPF24WH5LNRDBZ7GBAGOGJW5HGO63FC7VVZ,0
NZPF24WH5LNRDBZ7GBAGOGJW5HGO63FC7VV2,0
NZPF24WH5LNRDBZ7GBAGOGJW5HGO63FC7VV3,1
NZPF24WH5LNRDBZ7GBAGOGJW5HGO63FC7VV4,0
NZPF24WH5LNRDBZ7GBAGOGJW5HGO63FC7VV5,0
NZPF24WH5LNRDBZ7GBAGOGJW5HGO63FC7VV6,0
NZPF24WH5LNRDBZ7GBAGOGJW5HGO63FC7VV7,0
4CHLVITGRZECGHEPINDRZWH56CIPHTLFF7FQ,1
4CHLVITGRZECGHEPINDRZWH56CIPHTLFF7FR,0
4CHLVITGRZECGHEPINDRZWH56CIPHTLFF7FS,0
4CHLVITGRZECGHEPINDRZWH56CIPHTLFF7FT,0
4CHLVITGRZECGHEPINDRZWH56CIPHTLFF7FU,0
4CHLVITGRZECGHEPINDRZWH56CIPHTLFF7FV,0
4CHLVITGRZECGHEPINDRZWH56CIPHTLFF7FW,0
4CHLVITGRZECGHEPINDRZWH56CIPHTLFF7FX,0
4CHLVITGRZECGHEPINDRZWH56CIPHTLFF7FY,0
4CHLVITGRZECGHEPINDRZWH56CIPHTLFF7FZ,0
4CHLVITGRZECGHEPINDRZWH56CIPHTLFF7F2,0
4CHLVITGRZECGHEPINDRZWH56CIPHTLFF7F3,0
4CHLVITGRZECGHEPINDRZWH56CIPHTLFF7F4,0
4CHLVITGRZECGHEPINDRZWH56CIPHTLFF7F5,0
4CHLVITGRZECGHEPINDRZWH56CIPHTLFF7F6,0
4CHLVITGRZECGHEPINDRZWH56CIPHTLFF7F7,0
GIGXAWZUZDBHR7AB6FKDQWAKASCAMXAXKHLQ,0
GIGXAWZUZDBHR7AB6FKDQWAKASCAMXAXKHLR,0
GIGXAWZUZDBHR7AB6FKDQWAKASCAMXAXKHLS,0
GIGXAWZUZDBHR7AB6FKDQWAKASCAMXAXKHLT,0
GIGXAWZUZDBHR7AB6FKDQWAKASCAMXAXKHLU,0
GIGXAWZUZDBHR7AB6FKDQWAKASCAMXAXKHLV,0
GIGXAWZUZDBHR7AB6FKDQWAKASCAMXAXKHLW,0
GIGXAWZUZDBHR7AB6FKDQWAKASCAMXAXKHLX,0
GIGXAWZUZDBHR7AB6FKDQWAKASCAMXAXKHLY,0
GIGXAWZUZDBHR7AB6FKDQWAKASCAMXAXKHLZ,0
GIGXAWZUZDBHR7AB6FKDQWAKASCAMXAXKHL2,0
GIGXAWZUZDBHR7AB6FKDQWAKASCAMXAXKHL3,0
GIGXAWZUZDBHR7AB6FKDQWAKASCAMXAXKHL4,0
GIGXAWZUZDBHR7AB6FKDQWAKASCAMXAXKHL5,0
GIGXAWZUZDBHR7AB6FKDQWAKASCAMXAXKHL6,0
GIGXAWZUZDBHR7AB6FKDQWAKASCAMXAXKHL7,1
ISO32YLKRANHC7FZXEG2EPWLKWKP5G54JZWQ,0
ISO32YLKRANHC7FZXEG2EPWLKWKP5G54JZWR,0
ISO32YLKRANHC7FZXEG2EPWLKWKP5G54JZWS,0
ISO32YLKRANHC7FZXEG2EPWLKWKP5G54JZWT,0
ISO32YLKRANHC7FZXEG2EPWLKWKP5G54JZWU,0
ISO32YLKRANHC7FZXEG2EPWLKWKP5G54JZWV,1
ISO32YLKRANHC7FZXEG2EPWLKWKP5G54JZWW,0
ISO32YLKRANHC7FZXEG2EPWLKWKP5G54JZWX,0
ISO32YLKRANHC7FZXEG2EPWLKWKP5G54JZWY,0
ISO32YLKRANHC7FZXEG2EPWLKWKP5G54JZWZ,0
ISO32YLKRANHC7FZXEG2EPWLKWKP5G54JZW2,0
ISO32YLKRANHC7FZXEG2EPWLKWKP5G54JZW3,0
ISO32YLKRANHC7FZXEG2EPWLKWKP5G54JZW4,0
ISO32YLKRANHC7FZXEG2EPWLKWKP5G54JZW5,0
ISO32YLKRANHC7FZXEG2EPWLKWKP5G54JZW6,0
ISO32YLKRANHC7FZXEG2EPWLKWKP5G54JZW7,0
KOSEEWAXIC3VOOQVKMF5YUR2IJFUHZ57AX3Q,0
KOSEEWAXIC3VOOQVKMF5YUR2IJFUHZ57AX3R,0
KOSEEWAXIC3VOOQVKMF5YUR2IJFUHZ57AX3S,0
KOSEEWAXIC3VOOQVKMF5YUR2IJFUHZ57AX3T,0
KOSEEWAXIC3VOOQVKMF5YUR2IJFUHZ57AX3U,0
KOSEEWAXIC3VOOQVKMF5YUR2IJFUHZ57AX3V,0
KOSEEWAXIC3VOOQVKMF5YUR2IJFUHZ57AX3W,0
KOSEEWAXIC3VOOQVKMF5YUR2IJFUHZ57AX3X,0
KOSEEWAXIC3VOOQVKMF5YUR2IJFUHZ57AX3Y,0
KOSEEWAXIC3VOOQVKMF5YUR2IJFUHZ57AX3Z,1
KOSEEWAXIC3VOOQVKMF5YUR2IJFUHZ57AX32,0
KOSEEWAXIC3VOOQVKMF5YUR2IJFUHZ57AX33,0
KOSEEWAXIC3VOOQVKMF5YUR2IJFUHZ57AX34,0
KOSEEWAXIC3VOOQVKMF5YUR2IJFUHZ57AX35,0
KOSEEWAXIC3VOOQVKMF5YUR2IJFUHZ57AX36,0
KOSEEWAXIC3VOOQVKMF5YUR2IJFUHZ57AX37,0
2NSETPNAZ2XJWFGDD3H2B43RVLIS67SPKW2Q,1
2NSETPNAZ2XJWFGDD3H2B43RVLIS67SPKW2R,0
2NSETPNAZ2XJWFGDD3H2B43RVLIS67SPKW2S,0
2NSETPNAZ2XJWFGDD3H2B43RVLIS67SPKW2T,0
2NSETPNAZ2XJWFGDD3H2B43RVLIS67SPKW2U,0
2NSETPNAZ2XJWFGDD3H2B43RVLIS67SPKW2V,0
2NSETPNAZ2XJWFGDD3H2B43RVLIS67SPKW2W,0
2NSETPNAZ2XJWFGDD3H2B43RVLIS67SPKW2X,0
2NSETPNAZ2XJWFGDD3H2B43RVLIS67SPKW2Y,0
2NSETPNAZ2XJWFGDD3H2B43RVLIS67SPKW2Z,0
2NSETPNAZ2XJWFGDD3H2B43RVLIS67SPKW22,0
2NSETPNAZ2XJWFGDD3H2B43RVLIS67SPKW23,0
2NSETPNAZ2XJWFGDD3H2B43RVLIS67SPKW24,0
2NSETPNAZ2XJWFGDD3H2B43RVLIS67SPKW25,0
2NSETPNAZ2XJWFGDD3H2B43RVLIS67SPKW26,0
2NSETPNAZ2XJWFGDD3H2B43RVLIS67SPKW27,0
MREQO73QFBGY36SVH5VJT2XH5EJ6HDMREDNQ,0
MREQO73QFBGY36SVH5VJT2XH5EJ6HDMREDNR,0
MREQO73QFBGY36SVH5VJT2XH5EJ6HDMREDNS,0
MREQO73QFBGY36SVH5VJT2XH5EJ6HDMREDNT,0
MREQO73QFBGY36SVH5VJT2XH5EJ6HDMREDNU,0
MREQO73QFBGY36SVH5VJT2XH5EJ6HDMREDNV,0
MREQO73QFBGY36SVH5VJT2XH5EJ6HDMREDNW,0
MREQO73QFBGY36SVH5VJT2XH5EJ6HDMREDNX,0
MREQO73QFBGY36SVH5VJT2XH5EJ6HDMREDNY,0
MREQO73QFBGY36SVH5VJT2XH5EJ6HDMREDNZ,0
MREQO73QFBGY36SVH5VJT2XH5EJ6HDMREDN2,0
MREQO73QFBGY36SVH5VJT2XH5EJ6HDMREDN3,1
MREQO73QFBGY36SVH5VJT2XH5EJ6HDMREDN4,0
MREQO73QFBGY36SVH5VJT2XH5EJ6HDMREDN5,0
MREQO73QFBGY36SVH5VJT2XH5EJ6HDMREDN6,0
MREQO73QFBGY36SVH5VJT2XH5EJ6HDMREDN7,0
FRPUFVD2MBCWRCRO4O25PMHP4XQHVLIRO3CQ,0
FRPUFVD2MBCWRCRO4O25PMHP4XQHVLIRO3CR,0
FRPUFVD2MBCWRCRO4O25PMHP4XQHVLIRO3CS,0
FRPUFVD2MBCWRCRO4O25PMHP4XQHVLIRO3CT,0
FRPUFVD2MBCWRCRO4O25PMHP4XQHVLIRO3CU,0
FRPUFVD2MBCWRCRO4O25PMHP4XQHVLIRO3CV,0
FRPUFVD2MBCWRCRO4O25PMHP4XQHVLIRO3CW,0
FRPUFVD2MBCWRCRO4O25PMHP4XQHVLIRO3CX,1
FRPUFVD2MBCWRCRO4O25PMHP4XQHVLIRO3CY,0
FRPUFVD2MBCWRCRO4O25PMHP4XQHVLIRO3CZ,0
FRPUFVD2MBCWRCRO4O25PMHP4XQHVLIRO3C2,0
FRPUFVD2MBCWRCRO4O25PMHP4XQHVLIRO3C3,0
FRPUFVD2MBCWRCRO4O25PMHP4XQHVLIRO3C4,0
FRPUFVD2MBCWRCRO4O25PMHP4XQHVLIRO3C5,0
FRPUFVD2MBCWRCRO4O25PMHP4XQHVLIRO3C6,0
FRPUFVD2MBCWRCRO4O25PMHP4XQHVLIRO3C7,0
J3KQUOPJJKTTGTW5TDPUA33YKEVUIIFEY2VQ,1
J3KQUOPJJKTTGTW5TDPUA33YKEVUIIFEY2VR,0
J3KQUOPJJKTTGTW5TDPUA33YKEVUIIFEY2VS,0
J3KQUOPJJKTTGTW5TDPUA33YKEVUIIFEY2VT,0
J3KQUOPJJKTTGTW5TDPUA33YKEVUIIFEY2VU,0
J3KQUOPJJKTTGTW5TDPUA33YKEVUIIFEY2VV,0
J3KQUOPJJKTTGTW5TDPUA33YKEVUIIFEY2VW,0
J3KQUOPJJKTTGTW5TDPUA33YKEVUIIFEY2VX,0
J3KQUOPJJKTTGTW5TDPUA33YKEVUIIFEY2VY,0
J3KQUOPJJKTTGTW5TDPUA33YKEVUIIFEY2VZ,0
J3KQUOPJJKTTGTW5TDPUA33YKEVUIIFEY2V2,0
J3KQUOPJJKTTGTW5TDPUA33YKEVUIIFEY2V3,0
J3KQUOPJJKTTGTW5TDPUA33YKEVUIIFEY2V4,0
J3KQUOPJJKTTGTW5TDPUA33YKEVUIIFEY2V5,0
J3KQUOPJJKTTGTW5TDPUA33YKEVUIIFEY2V6,0
J3KQUOPJJKTTGTW5TDPUA33YKEVUIIFEY2V7,0
JL4B4ECDCFZWZ4GO4GWKK4LWQUDYI23PJVHQ,0
JL4B4ECDCFZWZ4GO4GWKK4LWQUDYI23PJVHR,0
JL4B4ECDCFZWZ4GO4GWKK4LWQUDYI23PJVHS,0
JL4B4ECDCFZWZ4GO4GWKK4LWQUDYI23PJVHT,0
JL4B4ECDCFZWZ4GO4GWKK4LWQUDYI23PJVHU,0
JL4B4ECDCFZWZ4GO4GWKK4LWQUDYI23PJVHV,0
JL4B4ECDCFZWZ4GO4GWKK4LWQUDYI23PJVHW,0
JL4B4ECDCFZWZ4GO4GWKK4LWQUDYI23PJVHX,0
JL4B4ECDCFZWZ4GO4GWKK4LWQUDYI23PJVHY,0
JL4B4ECDCFZWZ4GO4GWKK4LWQUDYI23PJVHZ,0
JL4B4ECDCFZWZ4GO4GWKK4LWQUDYI23PJVH2,1
JL4B4ECDCFZWZ4GO4GWKK4LWQUDYI23PJVH3,0
JL4B4ECDCFZWZ4GO4GWKK4LWQUDYI23PJVH4,0
JL4B4ECDCFZWZ4GO4GWKK4LWQUDYI23PJVH5,0
JL4B4ECDCFZWZ4GO4GWKK4LWQUDYI23PJVH6,0
JL4B4ECDCFZWZ4GO4GWKK4LWQUDYI23PJVH7,0
ZC7MF2LDHYDLID5NJVK6K2U7AL5VJHMXIEPQ,0
ZC7MF2LDHYDLID5NJVK6K2U7AL5VJHMXIEPR,0
ZC7MF2LDHYDLID5NJVK6K2U7AL5VJHMXIEPS,0
ZC7MF2LDHYDLID5NJVK6K2U7AL5VJHMXIEPT,0
ZC7MF2LDHYDLID5NJVK6K2U7AL5VJHMXIEPU,0
ZC7MF2LDHYDLID5NJVK6K2U7AL5VJHMXIEPV,0
ZC7MF2LDHYDLID5NJVK6K2U7AL5VJHMXIEPW,0
ZC7MF2LDHYDLID5NJVK6K2U7AL5VJHMXIEPX,0
ZC7MF2LDHYDLID5NJVK6K2U7AL5VJHMXIEPY,0
ZC7MF2LDHYDLID5NJVK6K2U7AL5VJHMXIEPZ,0
ZC7MF2LDHYDLID5NJVK6K2U7AL5VJHMXIEP2,0
ZC7MF2LDHYDLID5NJVK6K2U7AL5VJHMXIEP3,1
ZC7MF2LDHYDLID5NJVK6K2U7AL5VJHMXIEP4,0
ZC7MF2LDHYDLID5NJVK6K2U7AL5VJHMXIEP5,0
ZC7MF2LDHYDLID5NJVK6K2U7AL5VJHMXIEP6,0
ZC7MF2LDHYDLID5NJVK6K2U7AL5VJHMXIEP7,0
QEI3NWTOSSJYLMRXBTPSMP5IM3XVZWDNTBIQ,0
QEI3NWTOSSJYLMRXBTPSMP5IM3XVZWDNTBIR,0
QEI3NWTOSSJYLMRXBTPSMP5IM3XVZWDNTBIS,0
QEI3NWTOSSJYLMRXBTPSMP5IM3XVZWDNTBIT,0
QEI3NWTOSSJYLMRXBTPSMP5IM3XVZWDNTBIU,0
QEI3NWTOSSJYLMRXBTPSMP5IM3XVZWDNTBIV,0
QEI3NWTOSSJYLMRXBTPSMP5IM3XVZWDNTBIW,0
QEI3NWTOSSJYLMRXBTPSMP5IM3XVZWDNTBIX,0
QEI3NWTOSSJYLMRXBTPSMP5IM3XVZWDNTBIY,0
QEI3NWTOSSJYLMRXBTPSMP5IM3XVZWDNTBIZ,1
QEI3NWTOSSJYLMRXBTPSMP5IM3XVZWDNTBI2,0
QEI3NWTOSSJYLMRXBTPSMP5IM3XVZWDNTBI3,0
QEI3NWTOSSJYLMRXBTPSMP5IM3XVZWDNTBI4,0
QEI3NWTOSSJYLMRXBTPSMP5IM3XVZWDNTBI5,0
QEI3NWTOSSJYLMRXBTPSMP5IM3XVZWDNTBI6,0
QEI3NWTOSSJYLMRXBTPSMP5IM3XVZWDNTBI7,0
QX3ZO73QH7ETAK767323VLOXCOVNFEDXI7KQ,0
QX3ZO73QH7ETAK767323VLOXCOVNFEDXI7KR,0
QX3ZO73QH7ETAK767323VLOXCOVNFEDXI7KS,0
QX3ZO73QH7ETAK767323VLOXCOVNFEDXI7KT,0
QX3ZO73QH7ETAK767323VLOXCOVNFEDXI7KU,0
QX3ZO73QH7ETAK767323VLOXCOVNFEDXI7KV,0
QX3ZO73QH7ETAK767323VLOXCOVNFEDXI7KW,0
QX3ZO73QH7ETAK767323VLOXCOVNFEDXI7KX,1
QX3ZO73QH7ETAK767323VLOXCOVNFEDXI7KY,0
QX3ZO73QH7ETAK767323VLOXCOVNFEDXI7KZ,0
QX3ZO73QH7ETAK767323VLOXCOVNFEDXI7K2,0
QX3ZO73QH7ETAK767323VLOXCOVNFEDXI7K3,0
QX3ZO73QH7ETAK767323VLOXCOVNFEDXI7K4,0
QX3ZO73QH7ETAK767323VLOXCOVNFEDXI7K5,0
QX3ZO73QH7ETAK767323VLOXCOVNFEDXI7K6,0
QX3ZO73QH7ETAK767323VLOXCOVNFEDXI7K7,0
T5B67DH5W6EB7IQZBWIDSQVYENYPTFWKKZMQ,0
T5B67DH5W6EB7IQZBWIDSQVYENYPTFWKKZMR,0
T5B67DH5W6EB7IQZBWIDSQVYENYPTFWKKZMS,0
T5B67DH5W6EB7IQZBWIDSQVYENYPTFWKKZMT,0
T5B67DH5W6EB7IQZBWIDSQVYENYPTFWKKZMU,0
T5B67DH5W6EB7IQZBWIDSQVYENYPTFWKKZMV,1
T5B67DH5W6EB7IQZBWIDSQVYENYPTFWKKZMW,0
T5B67DH5W6EB7IQZBWIDSQVYENYPTFWKKZMX,0
T5B67DH5W6EB7IQZBWIDSQVYENYPTFWKKZMY,0
T5B67DH5W6EB7IQZBWIDSQVYENYPTFWKKZMZ,0
T5B67DH5W6EB7IQZBWIDSQVYENYPTFWKKZM2,0
T5B67DH5W6EB7IQZBWIDSQVYENYPTFWKKZM3,0
T5B67DH5W6EB7IQZBWIDSQVYENYPTFWKKZM4,0
T5B67DH5W6EB7IQZBWIDSQVYENYPTFWKKZM5,0
T5B67DH5W6EB7IQZBWIDSQVYENYPTFWKKZM6,0
T5B67DH5W6EB7IQZBWIDSQVYENYPTFWKKZM7,0
PMEJKQNECISZGAYNOKHWZ3GUAFLJ2FACMC2Q,0
PMEJKQNECISZGAYNOKHWZ3GUAFLJ2FACMC2R,0
PMEJKQNECISZGAYNOKHWZ3GUAFLJ2FACMC2S,0
PMEJKQNECISZGAYNOKHWZ3GUAFLJ2FACMC2T,1
PMEJKQNECISZGAYNOKHWZ3GUAFLJ2FACMC2U,0
PMEJKQNECISZGAYNOKHWZ3GUAFLJ2FACMC2V,0
PMEJKQNECISZGAYNOKHWZ3GUAFLJ2FACMC2W,0
PMEJKQNECISZGAYNOKHWZ3GUAFLJ2FACMC2X,0
PMEJKQNECISZGAYNOKHWZ3GUAFLJ2FACMC2Y,0
PMEJKQNECISZGAYNOKHWZ3GUAFLJ2FACMC2Z,0
PMEJKQNECISZGAYNOKHWZ3GUAFLJ2FACMC22,0
PMEJKQNECISZGAYNOKHWZ3GUAFLJ2FACMC23,0
PMEJKQNECISZGAYNOKHWZ3GUAFLJ2FACMC24,0
PMEJKQNECISZGAYNOKHWZ3GUAFLJ2FACMC25,0
PMEJKQNECISZGAYNOKHWZ3GUAFLJ2FACMC26,0
PMEJKQNECISZGAYNOKHWZ3GUAFLJ2FACMC27,0
PQ2RGB7UKR7QR4QTBALRZYNZOSVY2C4ZZHXQ,0
PQ2RGB7UKR7QR4QTBALRZYNZOSVY2C4ZZHXR,0
PQ2RGB7UKR7QR4QTBALRZYNZOSVY2C4ZZHXS,0
PQ2RGB7UKR7QR4QTBALRZYNZOSVY2C4ZZHXT,0
PQ2RGB7UKR7QR4QTBALRZYNZOSVY2C4ZZHXU,0
PQ2RGB7UKR7QR4QTBALRZYNZOSVY2C4ZZHXV,0
PQ2RGB7UKR7QR4QTBALRZYNZOSVY2C4ZZHXW,0
PQ2RGB7UKR7QR4QTBALRZYNZOSVY2C4ZZHXX,0
PQ2RGB7UKR7QR4QTBALRZYNZOSVY2C4ZZHXY,0
PQ2RGB7UKR7QR4QTBALRZYNZOSVY2C4ZZHXZ,0
PQ2RGB7UKR7QR4QTBALRZYNZOSVY2C4ZZHX2,0
PQ2RGB7UKR7QR4QTBALRZYNZOSVY2C4ZZHX3,0
PQ2RGB7UKR7QR4QTBALRZYNZOSVY2C4ZZHX4,0
PQ2RGB7UKR7QR4QTBALRZYNZOSVY2C4ZZHX5,0
PQ2RGB7UKR7QR4QTBALRZYNZOSVY2C4ZZHX6,1
PQ2RGB7UKR7QR4QTBALRZYNZOSVY2C4ZZHX7,0
MAWBFUMQ7ADQOM73KDT3NDQCC2GRJDI3Z5OQ,0
MAWBFUMQ7ADQOM73KDT3NDQCC2GRJDI3Z5OR,0
MAWBFUMQ7ADQOM73KDT3NDQCC2GRJDI3Z5OS,0
MAWBFUMQ7ADQOM73KDT3NDQCC2GRJDI3Z5OT,0
MAWBFUMQ7ADQOM73KDT3NDQCC2GRJDI3Z5OU,0
MAWBFUMQ7ADQOM73KDT3NDQCC2GRJDI3Z5OV,0
MAWBFUMQ7ADQOM73KDT3NDQCC2GRJDI3Z5OW,0
MAWBFUMQ7ADQOM73KDT3NDQCC2GRJDI3Z5OX,0
MAWBFUMQ7ADQOM73KDT3NDQCC2GRJDI3Z5OY,0
MAWBFUMQ7ADQOM73KDT3NDQCC2GRJDI3Z5OZ,0
MAWBFUMQ7ADQOM73KDT3NDQCC2GRJDI3Z5O2,0
MAWBFUMQ7ADQOM73KDT3NDQCC2GRJDI3Z5O3,0
MAWBFUMQ7ADQOM73KDT3NDQCC2GRJDI3Z5O4,0
MAWBFUMQ7ADQOM73KDT3NDQCC2GRJDI3Z5O5,1
MAWBFUMQ7ADQOM73KDT3NDQCC2GRJDI3Z5O6,0
MAWBFUMQ7ADQOM73KDT3NDQCC2GRJDI3Z5O7,0
BZEFNAEJSXYF3ZQD67BE2XA3ACP42XO6FGCQ,0
BZEFNAEJSXYF3ZQD67BE2XA3ACP42XO6FGCR,0
BZEFNAEJSXYF3ZQD67BE2XA3ACP42XO6FGCS,0
BZEFNAEJSXYF3ZQD67BE2XA3ACP42XO6FGCT,0
BZEFNAEJSXYF3ZQD67BE2XA3ACP42XO6FGCU,0
BZEFNAEJSXYF3ZQD67BE2XA3ACP42XO6FGCV,0
BZEFNAEJSXYF3ZQD67BE2XA3ACP42XO6FGCW,0
BZEFNAEJSXYF3ZQD67BE2XA3ACP42XO6FGCX,0
BZEFNAEJSXYF3ZQD67BE2XA3ACP42XO6FGCY,0
BZEFNAEJSXYF3ZQD67BE2XA3ACP42XO6FGCZ,0
BZEFNAEJSXYF3ZQD67BE2XA3ACP42XO6FGC2,1
BZEFNAEJSXYF3ZQD67BE2XA3ACP42XO6FGC3,0
BZEFNAEJSXYF3ZQD67BE2XA3ACP42XO6FGC4,0
BZEFNAEJSXYF3ZQD67BE2XA3ACP42XO6FGC5,0
BZEFNAEJSXYF3ZQD67BE2XA3ACP42XO6FGC6,0
BZEFNAEJSXYF3ZQD67BE2XA3ACP42XO6FGC7,0
DK4LD5TC2OX2ZRDSPW35OXBOWGOLPBNB2ZGQ,0
DK4LD5TC2OX2ZRDSPW35OXBOWGOLPBNB2ZGR,0
DK4LD5TC2OX2ZRDSPW35OXBOWGOLPBNB2ZGS,0
DK4LD5TC2OX2ZRDSPW35OXBOWGOLPBNB2ZGT,0
DK4LD5TC2OX2ZRDSPW35OXBOWGOLPBNB2ZGU,0
DK4LD5TC2OX2ZRDSPW35OXBOWGOLPBNB2ZGV,1
DK4LD5TC2OX2ZRDSPW35OXBOWGOLPBNB2ZGW,0
DK4LD5TC2OX2ZRDSPW35OXBOWGOLPBNB2ZGX,0
DK4LD5TC2OX2ZRDSPW35OXBOWGOLPBNB2ZGY,0
DK4LD5TC2OX2ZRDSPW35OXBOWGOLPBNB2ZGZ,0
DK4LD5TC2OX2ZRDSPW35OXBOWGOLPBNB2ZG2,0
DK4LD5TC2OX2ZRDSPW35OXBOWGOLPBNB2ZG3,0
DK4LD5TC2OX2ZRDSPW35OXBOWGOLPBNB2ZG4,0
DK4LD5TC2OX2ZRDSPW35OXBOWGOLPBNB2ZG5,0
DK4LD5TC2OX2ZRDSPW35OXBOWGOLPBNB2ZG6,0
DK4LD5TC2OX2ZRDSPW35OXBOWGOLPBNB2ZG7,0
BD4MMK5GTVZ7MXH6MVU5WI6VF7ELV43F44RQ,0
BD4MMK5GTVZ7MXH6MVU5WI6VF7ELV43F44RR,0
BD4MMK5GTVZ7MXH6MVU5WI6VF7ELV43F44RS,0
BD4MMK5GTVZ7MXH6MVU5WI6VF7ELV43F44RT,0
BD4MMK5GTVZ7MXH6MVU5WI6VF7ELV43F44RU,0
BD4MMK5GTVZ7MXH6MVU5WI6VF7ELV43F44RV,0
BD4MMK5GTVZ7MXH6MVU5WI6VF7ELV43F44RW,0
BD4MMK5GTVZ7MXH6MVU5WI6VF7ELV43F44RX,0
BD4MMK5GTVZ7MXH6MVU5WI6VF7ELV43F44RY,0
BD4MMK5GTVZ7MXH6MVU5WI6VF7ELV43F44RZ,0
BD4MMK5GTVZ7MXH6MVU5WI6VF7ELV43F44R2,0
BD4MMK5GTVZ7MXH6MVU5WI6VF7ELV43F44R3,0
BD4MMK5GTVZ7MXH6MVU5WI6VF7ELV43F44R4,0
BD4MMK5GTVZ7MXH6MVU5WI6VF7ELV43F44R5,0
BD4MMK5GTVZ7MXH6MVU5WI6VF7ELV43F44R6,0
BD4MMK5GTVZ7MXH6MVU5WI6VF7ELV43F44R7,1
E7IIVUG4Y2C3ACOGSZXMJ35G6ODBOMYWIMGQ,1
E7IIVUG4Y2C3ACOGSZXMJ35G6ODBOMYWIMGR,0
E7IIVUG4Y2C3ACOGSZXMJ35G6ODBOMYWIMGS,0
E7IIVUG4Y2C3ACOGSZXMJ35G6ODBOMYWIMGT,0
E7IIVUG4Y2C3ACOGSZXMJ35G6ODBOMYWIMGU,0
E7IIVUG4Y2C3ACOGSZXMJ35G6ODBOMYWIMGV,0
E7IIVUG4Y2C3ACOGSZXMJ35G6ODBOMYWIMGW,0
E7IIVUG4Y2C3ACOGSZXMJ35G6ODBOMYWIMGX,0
E7IIVUG4Y2C3ACOGSZXMJ35G6ODBOMYWIMGY,0
E7IIVUG4Y2C3ACOGSZXMJ35G6ODBOMYWIMGZ,0
E7IIVUG4Y2C3ACOGSZXMJ35G6ODBOMYWIMG2,0
E7IIVUG4Y2C3ACOGSZXMJ35G6ODBOMYWIMG3,0
E7IIVUG4Y2C3ACOGSZXMJ35G6ODBOMYWIMG4,0
E7IIVUG4Y2C3ACOGSZXMJ35G6ODBOMYWIMG5,0
E7IIVUG4Y2C3ACOGSZXMJ35G6ODBOMYWIMG6,0
E7IIVUG4Y2C3ACOGSZXMJ35G6ODBOMYWIMG7,0
GHM27PU3KTW53KEJN6MOQQTTYGR6NA7CUSWQ,0
GHM27PU3KTW53KEJN6MOQQTTYGR6NA7CUSWR,0
GHM27PU3KTW53KEJN6MOQQTTYGR6NA7CUSWS,0
GHM27PU3KTW53KEJN6MOQQTTYGR6NA7CUSWT,0
GHM27PU3KTW53KEJN6MOQQTTYGR6NA7CUSWU,1
GHM27PU3KTW53KEJN6MOQQTTYGR6NA7CUSWV,0
GHM27PU3KTW53KEJN6MOQQTTYGR6NA7CUSWW,0
GHM27PU3KTW53KEJN6MOQQTTYGR6NA7CUSWX,0
GHM27PU3KTW53KEJN6MOQQTTYGR6NA7CUSWY,0
GHM27PU3KTW53KEJN6MOQQTTYGR6NA7CUSWZ,0
GHM27PU3KTW53KEJN6MOQQTTYGR6NA7CUSW2,0
GHM27PU3KTW53KEJN6MOQQTTYGR6NA7CUSW3,0
GHM27PU3KTW53KEJN6MOQQTTYGR6NA7CUSW4,0
GHM27PU3KTW53KEJN6MOQQTTYGR6NA7CUSW5,0
GHM27PU3KTW53KEJN6MOQQTTYGR6NA7CUSW6,0
GHM27PU3KTW53KEJN6MOQQTTYGR6NA7CUSW7,0
NCR7VOQYFPGPNLT2VLWB2JKTXGPG2ERLSP3Q,0
NCR7VOQYFPGPNLT2VLWB2JKTXGPG2ERLSP3R,0
NCR7VOQYFPGPNLT2VLWB2JKTXGPG2ERLSP3S,0
NCR7VOQYFPGPNLT2VLWB2JKTXGPG2ERLSP3T,0
NCR7VOQYFPGPNLT2VLWB2JKTXGPG2ERLSP3U,1
NCR7VOQYFPGPNLT2VLWB2JKTXGPG2ERLSP3V,0
NCR7VOQYFPGPNLT2VLWB2JKTXGPG2ERLSP3W,0
NCR7VOQYFPGPNLT2VLWB2JKTXGPG2ERLSP3X,0
NCR7VOQYFPGPNLT2VLWB2JKTXGPG2ERLSP3Y,0
NCR7VOQYFPGPNLT2VLWB2JKTXGPG2ERLSP3Z,0
NCR7VOQYFPGPNLT2VLWB2JKTXGPG2ERLSP32,0
NCR7VOQYFPGPNLT2VLWB2JKTXGPG2ERLSP33,0
NCR7VOQYFPGPNLT2VLWB2JKTXGPG2ERLSP34,0
NCR7VOQYFPGPNLT2VLWB2JKTXGPG2ERLSP35,0
NCR7VOQYFPGPNLT2VLWB2JKTXGPG2ERLSP36,0
NCR7VOQYFPGPNLT2VLWB2JKTXGPG2ERLSP37,0
CYXSNUUMRDAKULPUGIQ6W5NYRQNCTQG46QYQ,0
CYXSNUUMRDAKULPUGIQ6W5NYRQNCTQG46QYR,0
CYXSNUUMRDAKULPUGIQ6W5NYRQNCTQG46QYS,0
CYXSNUUMRDAKULPUGIQ6W5NYRQNCTQG46QYT,0
CYXSNUUMRDAKULPUGIQ6W5NYRQNCTQG46QYU,0
CYXSNUUMRDAKULPUGIQ6W5NYRQNCTQG46QYV,0
CYXSNUUMRDAKULPUGIQ6W5NYRQNCTQG46QYW,0
CYXSNUUMRDAKULPUGIQ6W5NYRQNCTQG46QYX,0
CYXSNUUMRDAKULPUGIQ6W5NYRQNCTQG46QYY,0
CYXSNUUMRDAKULPUGIQ6W5NYRQNCTQG46QYZ,1
CYXSNUUMRDAKULPUGIQ6W5NYRQNCTQG46QY2,0
CYXSNUUMRDAKULPUGIQ6W5NYRQNCTQG46QY3,0
CYXSNUUMRDAKULPUGIQ6W5NYRQNCTQG46QY4,0
CYXSNUUMRDAKULPUGIQ6W5NYRQNCTQG46QY5,0
CYXSNUUMRDAKULPUGIQ6W5NYRQNCTQG46QY6,0
CYXSNUUMRDAKULPUGIQ6W5NYRQNCTQG46QY7,0
OAZ7XFAX67EUT4MQOQU2UFBL2JLKNA5QEBKQ,0
OAZ7XFAX67EUT4MQOQU2UFBL2JLKNA5QEBKR,0
OAZ7XFAX67EUT4MQOQU2UFBL2JLKNA5QEBKS,0
OAZ7XFAX67EUT4MQOQU2UFBL2JLKNA5QEBKT,1
OAZ7XFAX67EUT4MQOQU2UFBL2JLKNA5QEBKU,0
OAZ7XFAX67EUT4MQOQU2UFBL2JLKNA5QEBKV,0
OAZ7XFAX67EUT4MQOQU2UFBL2JLKNA5QEBKW,0
OAZ7XFAX67EUT4MQOQU2UFBL2JLKNA5QEBKX,0
OAZ7XFAX67EUT4MQOQU2UFBL2JLKNA5QEBKY,0
OAZ7XFAX67EUT4MQOQU2UFBL2JLKNA5QEBKZ,0
OAZ7XFAX67EUT4MQOQU2UFBL2JLKNA5QEBK2,0
OAZ7XFAX67EUT4MQOQU2UFBL2JLKNA5QEBK3,0
OAZ7XFAX67EUT4MQOQU2UFBL2JLKNA5QEBK4,0
OAZ7XFAX67EUT4MQOQU2UFBL2JLKNA5QEBK5,0
OAZ7XFAX67EUT4MQOQU2UFBL2JLKNA5QEBK6,0
OAZ7XFAX67EUT4MQOQU2UFBL2JLKNA5QEBK7,0
URT27QGNW5YJE2LLIIBOVRNZKWVOS3AFNR4Q,0
URT27QGNW5YJE2LLIIBOVRNZKWVOS3AFNR4R,0
URT27QGNW5YJE2LLIIBOVRNZKWVOS3AFNR4S,0
URT27QGNW5YJE2LLIIBOVRNZKWVOS3AFNR4T,0
URT27QGNW5YJE2LLIIBOVRNZKWVOS3AFNR4U,0
URT27QGNW5YJE2LLIIBOVRNZKWVOS3AFNR4V,0
URT27QGNW5YJE2LLIIBOVRNZKWVOS3AFNR4W,0
URT27QGNW5YJE2LLIIBOVRNZKWVOS3AFNR4X,0
URT27QGNW5YJE2LLIIBOVRNZKWVOS3AFNR4Y,0
URT27QGNW5YJE2LLIIBOVRNZKWVOS3AFNR4Z,1
URT27QGNW5YJE2LLIIBOVRNZKWVOS3AFNR42,0
URT27QGNW5YJE2LLIIBOVRNZKWVOS3AFNR43,0
URT27QGNW5YJE2LLIIBOVRNZKWVOS3AFNR44,0
URT27QGNW5YJE2LLIIBOVRNZKWVOS3AFNR45,0
URT27QGNW5YJE2LLIIBOVRNZKWVOS3AFNR46,0
URT27QGNW5YJE2LLIIBOVRNZKWVOS3AFNR47,0
QN5IYQOKOGAMDWI54FATR7L2CXIBC74YGCKQ,0
QN5IYQOKOGAMDWI54FATR7L2CXIBC74YGCKR,0
QN5IYQOKOGAMDWI54FATR7L2CXIBC74YGCKS,0
QN5IYQOKOGAMDWI54FATR7L2CXIBC74YGCKT,1
QN5IYQOKOGAMDWI54FATR7L2CXIBC74YGCKU,0
QN5IYQOKOGAMDWI54FATR7L2CXIBC74YGCKV,0
QN5IYQOKOGAMDWI54FATR7L2CXIBC74YGCKW,0
QN5IYQOKOGAMDWI54FATR7L2CXIBC74YGCKX,0
QN5IYQOKOGAMDWI54FATR7L2CXIBC74YGCKY,0
QN5IYQOKOGAMDWI54FATR7L2CXIBC74YGCKZ,0
QN5IYQOKOGAMDWI54FATR7L2CXIBC74YGCK2,0
QN5IYQOKOGAMDWI54FATR7L2CXIBC74YGCK3,0
QN5IYQOKOGAMDWI54FATR7L2CXIBC74YGCK4,0
QN5IYQOKOGAMDWI54FATR7L2CXIBC74YGCK5,0
QN5IYQOKOGAMDWI54FATR7L2CXIBC74YGCK6,0
QN5IYQOKOGAMDWI54FATR7L2CXIBC74YGCK7,0
PJLNEUGKGU3I3CGQGKUJILTJZLYDZDNYNRZQ,0
PJLNEUGKGU3I3CGQGKUJILTJZLYDZDNYNRZR,0
PJLNEUGKGU3I3CGQGKUJILTJZLYDZDNYNRZS,0
PJLNEUGKGU3I3CGQGKUJILTJZLYDZDNYNRZT,0
PJLNEUGKGU3I3CGQGKUJILTJZLYDZDNYNRZU,0
PJLNEUGKGU3I3CGQGKUJILTJZLYDZDNYNRZV,0
PJLNEUGKGU3I3CGQGKUJILTJZLYDZDNYNRZW,0
PJLNEUGKGU3I3CGQGKUJILTJZLYDZDNYNRZX,0
PJLNEUGKGU3I3CGQGKUJILTJZLYDZDNYNRZY,0
PJLNEUGKGU3I3CGQGKUJILTJZLYDZDNYNRZZ,0
PJLNEUGKGU3I3CGQGKUJILTJZLYDZDNYNRZ2,0
PJLNEUGKGU3I3CGQGKUJILTJZLYDZDNYNRZ3,1
PJLNEUGKGU3I3CGQGKUJILTJZLYDZDNYNRZ4,0
PJLNEUGKGU3I3CGQGKUJILTJZLYDZDNYNRZ5,0
PJLNEUGKGU3I3CGQGKUJILTJZLYDZDNYNRZ6,0
PJLNEUGKGU3I3CGQGKUJILTJZLYDZDNYNRZ7,0
SCXPK725NZIKC7GUORQFBEAG5EBT32PVYS6Q,0
SCXPK725NZIKC7GUORQFBEAG5EBT32PVYS6R,0
SCXPK725NZIKC7GUORQFBEAG5EBT32PVYS6S,0
SCXPK725NZIKC7GUORQFBEAG5EBT32PVYS6T,0
SCXPK725NZIKC7GUORQFBEAG5EBT32PVYS6U,0
SCXPK725NZIKC7GUORQFBEAG5EBT32PVYS6V,1
SCXPK725NZIKC7GUORQFBEAG5EBT32PVYS6W,0
SCXPK725NZIKC7GUORQFBEAG5EBT32PVYS6X,0
SCXPK725NZIKC7GUORQFBEAG5EBT32PVYS6Y,0
SCXPK725NZIKC7GUORQFBEAG5EBT32PVYS6Z,0
SCXPK725NZIKC7GUORQFBEAG5EBT32PVYS62,0
SCXPK725NZIKC7GUORQFBEAG5EBT32PVYS63,0
SCXPK725NZIKC7GUORQFBEAG5EBT32PVYS64,0
SCXPK725NZIKC7GUORQFBEAG5EBT32PVYS65,0
SCXPK725NZIKC7GUORQFBEAG5EBT32PVYS66,0
SCXPK725NZIKC7GUORQFBEAG5EBT32PVYS67,0
T6KTROJDI6UP3T2XQC3UDBCQPM4OPIEY7SBQ,0
T6KTROJDI6UP3T2XQC3UDBCQPM4OPIEY7SBR,0
T6KTROJDI6UP3T2XQC3UDBCQPM4OPIEY7SBS,0
T6KTROJDI6UP3T2XQC3UDBCQPM4OPIEY7SBT,1
T6KTROJDI6UP3T2XQC3UDBCQPM4OPIEY7SBU,0
T6KTROJDI6UP3T2XQC3UDBCQPM4OPIEY7SBV,0
T6KTROJDI6UP3T2XQC3UDBCQPM4OPIEY7SBW,0
T6KTROJDI6UP3T2XQC3UDBCQPM4OPIEY7SBX,0
T6KTROJDI6UP3T2XQC3UDBCQPM4OPIEY7SBY,0
T6KTROJDI6UP3T2XQC3UDBCQPM4OPIEY7SBZ,0
T6KTROJDI6UP3T2XQC3UDBCQPM4OPIEY7SB2,0
T6KTROJDI6UP3T2XQC3UDBCQPM4OPIEY7SB3,0
T6KTROJDI6UP3T2XQC3UDBCQPM4OPIEY7SB4,0
T6KTROJDI6UP3T2XQC3UDBCQPM4OPIEY7SB5,0
T6KTROJDI6UP3T2XQC3UDBCQPM4OPIEY7SB6,0
T6KTROJDI6UP3T2XQC3UDBCQPM4OPIEY7SB7,0
47HJ5L5QTP5Y3N4OCH4R6CJNSLXQWI2LYGYQ,0
47HJ5L5QTP5Y3N4OCH4R6CJNSLXQWI2LYGYR,1
47HJ5L5QTP5Y3N4OCH4R6CJNSLXQWI2LYGYS,0
47HJ5L5QTP5Y3N4OCH4R6CJNSLXQWI2LYGYT,0
47HJ5L5QTP5Y3N4OCH4R6CJNSLXQWI2LYGYU,0
47HJ5L5QTP5Y3N4OCH4R6CJNSLXQWI2LYGYV,0
47HJ5L5QTP5Y3N4OCH4R6CJNSLXQWI2LYGYW,0
47HJ5L5QTP5Y3N4OCH4R6CJNSLXQWI2LYGYX,0
47HJ5L5QTP5Y3N4OCH4R6CJNSLXQWI2LYGYY,0
47HJ5L5QTP5Y3N4OCH4R6CJNSLXQWI2LYGYZ,0
47HJ5L5QTP5Y3N4OCH4R6CJNSLXQWI2LYGY2,0
47HJ5L5QTP5Y3N4OCH4R6CJNSLXQWI2LYGY3,0
47HJ5L5QTP5Y3N4OCH4R6CJNSLXQWI2LYGY4,0
47HJ5L5QTP5Y3N4OCH4R6CJNSLXQWI2LYGY5,0
47HJ5L5QTP5Y3N4OCH4R6CJNSLXQWI2LYGY6,0
47HJ5L5QTP5Y3N4OCH4R6CJNSLXQWI2LYGY7,0
7DQOIPLWJ7VZ5GVKETSYXYUNA76ZZAE4BESQ,0
7DQOIPLWJ7VZ5GVKETSYXYUNA76ZZAE4BESR,0
7DQOIPLWJ7VZ5GVKETSYXYUNA76ZZAE4BESS,0
7DQOIPLWJ7VZ5GVKETSYXYUNA76ZZAE4BEST,0
7DQOIPLWJ7VZ5GVKETSYXYUNA76ZZAE4BESU,0
7DQOIPLWJ7VZ5GVKETSYXYUNA76ZZAE4BESV,0
7DQOIPLWJ7VZ5GVKETSYXYUNA76ZZAE4BESW,0
7DQOIPLWJ7VZ5GVKETSYXYUNA76ZZAE4BESX,0
7DQOIPLWJ7VZ5GVKETSYXYUNA76ZZAE4BESY,0
7DQOIPLWJ7VZ5GVKETSYXYUNA76ZZAE4BESZ,0
7DQOIPLWJ7VZ5GVKETSYXYUNA76ZZAE4BES2,1
7DQOIPLWJ7VZ5GVKETSYXYUNA76ZZAE4BES3,0
7DQOIPLWJ7VZ5GVKETSYXYUNA76ZZAE4BES4,0
7DQOIPLWJ7VZ5GVKETSYXYUNA76ZZAE4BES5,0
7DQOIPLWJ7VZ5GVKETSYXYUNA76ZZAE4BES6,0
7DQOIPLWJ7VZ5GVKETSYXYUNA76ZZAE4BES7,0
5RTOLBFDJ2SBQDPZWW6FVFLMQQZXN3JOZPGQ,0
5RTOLBFDJ2SBQDPZWW6FVFLMQQZXN3JOZPGR,0
5RTOLBFDJ2SBQDPZWW6FVFLMQQZXN3JOZPGS,0
5RTOLBFDJ2SBQDPZWW6FVFLMQQZXN3JOZPGT,0
5RTOLBFDJ2SBQDPZWW6FVFLMQQZXN3JOZPGU,0
5RTOLBFDJ2SBQDPZWW6FVFLMQQZXN3JOZPGV,0
5RTOLBFDJ2SBQDPZWW6FVFLMQQZXN3JOZPGW,0
5RTOLBFDJ2SBQDPZWW6FVFLMQQZXN3JOZPGX,0
5RTOLBFDJ2SBQDPZWW6FVFLMQQZXN3JOZPGY,0
5RTOLBFDJ2SBQDPZWW6FVFLMQQZXN3JOZPGZ,0
5RTOLBFDJ2SBQDPZWW6FVFLMQQZXN3JOZPG2,0
5RTOLBFDJ2SBQDPZWW6FVFLMQQZXN3JOZPG3,0
5RTOLBFDJ2SBQDPZWW6FVFLMQQZXN3JOZPG4,0
5RTOLBFDJ2SBQDPZWW6FVFLMQQZXN3JOZPG5,1
5RTOLBFDJ2SBQDPZWW6FVFLMQQZXN3JOZPG6,0
5RTOLBFDJ2SBQDPZWW6FVFLMQQZXN3JOZPG7,0
ZFAVV53QU7BBDYARBGPLYJS7ZHKQKX4XYLBQ,0
ZFAVV53QU7BBDYARBGPLYJS7ZHKQKX4XYLBR,0
ZFAVV53QU7BBDYARBGPLYJS7ZHKQKX4XYLBS,1
ZFAVV53QU7BBDYARBGPLYJS7ZHKQKX4XYLBT,0
ZFAVV53QU7BBDYARBGPLYJS7ZHKQKX4XYLBU,0
ZFAVV53QU7BBDYARBGPLYJS7ZHKQKX4XYLBV,0
ZFAVV53QU7BBDYARBGPLYJS7ZHKQKX4XYLBW,0
ZFAVV53QU7BBDYARBGPLYJS7ZHKQKX4XYLBX,0
ZFAVV53QU7BBDYARBGPLYJS7ZHKQKX4XYLBY,0
ZFAVV53QU7BBDYARBGPLYJS7ZHKQKX4XYLBZ,0
ZFAVV53QU7BBDYARBGPLYJS7ZHKQKX4XYLB2,0
ZFAVV53QU7BBDYARBGPLYJS7ZHKQKX4XYLB3,0
ZFAVV53QU7BBDYARBGPLYJS7ZHKQKX4XYLB4,0
ZFAVV53QU7BBDYARBGPLYJS7ZHKQKX4XYLB5,0
ZFAVV53QU7BBDYARBGPLYJS7ZHKQKX4XYLB6,0
ZFAVV53QU7BBDYARBGPLYJS7ZHKQKX4XYLB7,0
TPRV4QMFQVPBE4IRODR66QKOGFVZFCS2QVCQ,0
TPRV4QMFQVPBE4IRODR66QKOGFVZFCS2QVCR,0
TPRV4QMFQVPBE4IRODR66QKOGFVZFCS2QVCS,0
TPRV4QMFQVPBE4IRODR66QKOGFVZFCS2QVCT,0
TPRV4QMFQVPBE4IRODR66QKOGFVZFCS2QVCU,0
TPRV4QMFQVPBE4IRODR66QKOGFVZFCS2QVCV,0
TPRV4QMFQVPBE4IRODR66QKOGFVZFCS2QVCW,0
TPRV4QMFQVPBE4IRODR66QKOGFVZFCS2QVCX,0
TPRV4QMFQVPBE4IRODR66QKOGFVZFCS2QVCY,0
TPRV4QMFQVPBE4IRODR66QKOGFVZFCS2QVCZ,0
TPRV4QMFQVPBE4IRODR66QKOGFVZFCS2QVC2,0
TPRV4QMFQVPBE4IRODR66QKOGFVZFCS2QVC3,0
TPRV4QMFQVPBE4IRODR66QKOGFVZFCS2QVC4,0
TPRV4QMFQVPBE4IRODR66QKOGFVZFCS2QVC5,0
TPRV4QMFQVPBE4IRODR66QKOGFVZFCS2QVC6,1
TPRV4QMFQVPBE4IRODR66QKOGFVZFCS2QVC7,0
BG5RLZZZUTHZNU5CTC4PQYA46SGNBQYWT5AQ,0
BG5RLZZZUTHZNU5CTC4PQYA46SGNBQYWT5AR,1
BG5RLZZZUTHZNU5CTC4PQYA46SGNBQYWT5AS,0
BG5RLZZZUTHZNU5CTC4PQYA46SGNBQYWT5AT,0
BG5RLZZZUTHZNU5CTC4PQYA46SGNBQYWT5AU,0
BG5RLZZZUTHZNU5CTC4PQYA46SGNBQYWT5AV,0
BG5RLZZZUTHZNU5CTC4PQYA46SGNBQYWT5AW,0
BG5RLZZZUTHZNU5CTC4PQYA46SGNBQYWT5AX,0
BG5RLZZZUTHZNU5CTC4PQYA46SGNBQYWT5AY,0
BG5RLZZZUTHZNU5CTC4PQYA46SGNBQYWT5AZ,0
BG5RLZZZUTHZNU5CTC4PQYA46SGNBQYWT5A2,0
BG5RLZZZUTHZNU5CTC4PQYA46SGNBQYWT5A3,0
BG5RLZZZUTHZNU5CTC4PQYA46SGNBQYWT5A4,0
BG5RLZZZUTHZNU5CTC4PQYA46SGNBQYWT5A5,0
BG5RLZZZUTHZNU5CTC4PQYA46SGNBQYWT5A6,0
BG5RLZZZUTHZNU5CTC4PQYA46SGNBQYWT5A7,0
TZSCI4DVO446OTR34NQPK7K5VPPUENOHSKYQ,0
TZSCI4DVO446OTR34NQPK7K5VPPUENOHSKYR,0
TZSCI4DVO446OTR34NQPK7K5VPPUENOHSKYS,0
TZSCI4DVO446OTR34NQPK7K5VPPUENOHSKYT,0
TZSCI4DVO446OTR34NQPK7K5VPPUENOHSKYU,0
TZSCI4DVO446OTR34NQPK7K5VPPUENOHSKYV,0
TZSCI4DVO446OTR34NQPK7K5VPPUENOHSKYW,0
TZSCI4DVO446OTR34NQPK7K5VPPUENOHSKYX,0
TZSCI4DVO446OTR34NQPK7K5VPPUENOHSKYY,0
TZSCI4DVO446OTR34NQPK7K5VPPUENOHSKYZ,0
TZSCI4DVO446OTR34NQPK7K5VPPUENOHSKY2,0
TZSCI4DVO446OTR34NQPK7K5VPPUENOHSKY3,0
TZSCI4DVO446OTR34NQPK7K5VPPUENOHSKY4,0
TZSCI4DVO446OTR34NQPK7K5VPPUENOHSKY5,0
TZSCI4DVO446OTR34NQPK7K5VPPUENOHSKY6,0
TZSCI4DVO446OTR34NQPK7K5VPPUENOHSKY7,1
XSJGFTUDWCLSDDIQM5IMUNJT4QFWFYT2EMXQ,0
XSJGFTUDWCLSDDIQM5IMUNJT4QFWFYT2EMXR,0
XSJGFTUDWCLSDDIQM5IMUNJT4QFWFYT2EMXS,1
XSJGFTUDWCLSDDIQM5IMUNJT4QFWFYT2EMXT,0
XSJGFTUDWCLSDDIQM5IMUNJT4QFWFYT2EMXU,0
XSJGFTUDWCLSDDIQM5IMUNJT4QFWFYT2EMXV,0
XSJGFTUDWCLSDDIQM5IMUNJT4QFWFYT2EMXW,0
XSJGFTUDWCLSDDIQM5IMUNJT4QFWFYT2EMXX,0
XSJGFTUDWCLSDDIQM5IMUNJT4QFWFYT2EMXY,0
XSJGFTUDWCLSDDIQM5IMUNJT4QFWFYT2EMXZ,0
XSJGFTUDWCLSDDIQM5IMUNJT4QFWFYT2EMX2,0
XSJGFTUDWCLSDDIQM5IMUNJT4QFWFYT2EMX3,0
XSJGFTUDWCLSDDIQM5IMUNJT4QFWFYT2EMX4,0
XSJGFTUDWCLSDDIQM5IMUNJT4QFWFYT2EMX5,0
XSJGFTUDWCLSDDIQM5IMUNJT4QFWFYT2EMX6,0
XSJGFTUDWCLSDDIQM5IMUNJT4QFWFYT2EMX7,0
ZH5PRH36ETOS3A3GACHL5R6AEPGNRKYUE5GQ,0
ZH5PRH36ETOS3A3GACHL5R6AEPGNRKYUE5GR,0
ZH5PRH36ETOS3A3GACHL5R6AEPGNRKYUE5GS,0
ZH5PRH36ETOS3A3GACHL5R6AEPGNRKYUE5GT,0
ZH5PRH36ETOS3A3GACHL5R6AEPGNRKYUE5GU,0
ZH5PRH36ETOS3A3GACHL5R6AEPGNRKYUE5GV,0
ZH5PRH36ETOS3A3GACHL5R6AEPGNRKYUE5GW,0
ZH5PRH36ETOS3A3GACHL5R6AEPGNRKYUE5GX,0
ZH5PRH36ETOS3A3GACHL5R6AEPGNRKYUE5GY,0
ZH5PRH36ETOS3A3GACHL5R6AEPGNRKYUE5GZ,0
ZH5PRH36ETOS3A3GACHL5R6AEPGNRKYUE5G2,0
ZH5PRH36ETOS3A3GACHL5R6AEPGNRKYUE5G3,0
ZH5PRH36ETOS3A3GACHL5R6AEPGNRKYUE5G4,0
ZH5PRH36ETOS3A3GACHL5R6AEPGNRKYUE5G5,0
ZH5PRH36ETOS3A3GACHL5R6AEPGNRKYUE5G6,1
ZH5PRH36ETOS3A3GACHL5R6AEPGNRKYUE5G7,0
DRGYXTPXERLJAQQN7FE4NYPDBZ6KMKWO6LOQ,0
DRGYXTPXERLJAQQN7FE4NYPDBZ6KMKWO6LOR,0
DRGYXTPXERLJAQQN7FE4NYPDBZ6KMKWO6LOS,0
DRGYXTPXERLJAQQN7FE4NYPDBZ6KMKWO6LOT,0
DRGYXTPXERLJAQQN7FE4NYPDBZ6KMKWO6LOU,1
DRGYXTPXERLJAQQN7FE4NYPDBZ6KMKWO6LOV,0
DRGYXTPXERLJAQQN7FE4NYPDBZ6KMKWO6LOW,0
DRGYXTPXERLJAQQN7FE4NYPDBZ6KMKWO6LOX,0
DRGYXTPXERLJAQQN7FE4NYPDBZ6KMKWO6LOY,0
DRGYXTPXERLJAQQN7FE4NYPDBZ6KMKWO6LOZ,0
DRGYXTPXERLJAQQN7FE4NYPDBZ6KMKWO6LO2,0
DRGYXTPXERLJAQQN7FE4NYPDBZ6KMKWO6LO3,0
DRGYXTPXERLJAQQN7FE4NYPDBZ6KMKWO6LO4,0
DRGYXTPXERLJAQQN7FE4NYPDBZ6KMKWO6LO5,0
DRGYXTPXERLJAQQN7FE4NYPDBZ6KMKWO6LO6,0
DRGYXTPXERLJAQQN7FE4NYPDBZ6KMKWO6LO7,0
VYWT7R6BNA5Q3BUUJIPEZ5ZQDULOOAOWDCTQ,0
VYWT7R6BNA5Q3BUUJIPEZ5ZQDULOOAOWDCTR,0
VYWT7R6BNA5Q3BUUJIPEZ5ZQDULOOAOWDCTS,0
VYWT7R6BNA5Q3BUUJIPEZ5ZQDULOOAOWDCTT,0
VYWT7R6BNA5Q3BUUJIPEZ5ZQDULOOAOWDCTU,0
VYWT7R6BNA5Q3BUUJIPEZ5ZQDULOOAOWDCTV,0
VYWT7R6BNA5Q3BUUJIPEZ5ZQDULOOAOWDCTW,0
VYWT7R6BNA5Q3BUUJIPEZ5ZQDULOOAOWDCTX,1
VYWT7R6BNA5Q3BUUJIPEZ5ZQDULOOAOWDCTY,0
VYWT7R6BNA5Q3BUUJIPEZ5ZQDULOOAOWDCTZ,0
VYWT7R6BNA5Q3BUUJIPEZ5ZQDULOOAOWDCT2,0
VYWT7R6BNA5Q3BUUJIPEZ5ZQDULOOAOWDCT3,0
VYWT7R6BNA5Q3BUUJIPEZ5ZQDULOOAOWDCT4,0
VYWT7R6BNA5Q3BUUJIPEZ5ZQDULOOAOWDCT5,0
VYWT7R6BNA5Q3BUUJIPEZ5ZQDULOOAOWDCT6,0
VYWT7R6BNA5Q3BUUJIPEZ5ZQDULOOAOWDCT7,0
O7BTPUCCHMVH5ZLOJRSZZT7WT2K3KJBLMCIQ,0
O7BTPUCCHMVH5ZLOJRSZZT7WT2K3KJBLMCIR,0
O7BTPUCCHMVH5ZLOJRSZZT7WT2K3KJBLMCIS,0
O7BTPUCCHMVH5ZLOJRSZZT7WT2K3KJBLMCIT,1
O7BTPUCCHMVH5ZLOJRSZZT7WT2K3KJBLMCIU,0
O7BTPUCCHMVH5ZLOJRSZZT7WT2K3KJBLMCIV,0
O7BTPUCCHMVH5ZLOJRSZZT7WT2K3KJBLMCIW,0
O7BTPUCCHMVH5ZLOJRSZZT7WT2K3KJBLMCIX,0
O7BTPUCCHMVH5ZLOJRSZZT7WT2K3KJBLMCIY,0
O7BTPUCCHMVH5ZLOJRSZZT7WT2K3KJBLMCIZ,0
O7BTPUCCHMVH5ZLOJRSZZT7WT2K3KJBLMCI2,0
O7BTPUCCHMVH5ZLOJRSZZT7WT2K3KJBLMCI3,0
O7BTPUCCHMVH5ZLOJRSZZT7WT2K3KJBLMCI4,0
O7BTPUCCHMVH5ZLOJRSZZT7WT2K3KJBLMCI5,0
O7BTPUCCHMVH5ZLOJRSZZT7WT2K3KJBLMCI6,0
O7BTPUCCHMVH5ZLOJRSZZT7WT2K3KJBLMCI7,0
UUBX32NDDVSTYBLOC3QJ656QBL55Z272FZVQ,0
UUBX32NDDVSTYBLOC3QJ656QBL55Z272FZVR,0
UUBX32NDDVSTYBLOC3QJ656QBL55Z272FZVS,0
UUBX32NDDVSTYBLOC3QJ656QBL55Z272FZVT,0
UUBX32NDDVSTYBLOC3QJ656QBL55Z272FZVU,0
UUBX32NDDVSTYBLOC3QJ656QBL55Z272FZVV,0
UUBX32NDDVSTYBLOC3QJ656QBL55Z272FZVW,1
UUBX32NDDVSTYBLOC3QJ656QBL55Z272FZVX,0
UUBX32NDDVSTYBLOC3QJ656QBL55Z272FZVY,0
UUBX32NDDVSTYBLOC3QJ656QBL55Z272FZVZ,0
UUBX32NDDVSTYBLOC3QJ656QBL55Z272FZV2,0
UUBX32NDDVSTYBLOC3QJ656QBL55Z272FZV3,0
UUBX32NDDVSTYBLOC3QJ656QBL55Z272FZV4,0
UUBX32NDDVSTYBLOC3QJ656QBL55Z272FZV5,0
UUBX32NDDVSTYBLOC3QJ656QBL55Z272FZV6,0
UUBX32NDDVSTYBLOC3QJ656QBL55Z272FZV7,0
BZVHOJ5RPGT4TSKCK3C56CGQJGDOSJCYMIDQ,0
BZVHOJ5RPGT4TSKCK3C56CGQJGDOSJCYMIDR,0
BZVHOJ5RPGT4TSKCK3C56CGQJGDOSJCYMIDS,0
BZVHOJ5RPGT4TSKCK3C56CGQJGDOSJCYMIDT,0
BZVHOJ5RPGT4TSKCK3C56CGQJGDOSJCYMIDU,0
BZVHOJ5RPGT4TSKCK3C56CGQJGDOSJCYMIDV,0
BZVHOJ5RPGT4TSKCK3C56CGQJGDOSJCYMIDW,0
BZVHOJ5RPGT4TSKCK3C56CGQJGDOSJCYMIDX,0
BZVHOJ5RPGT4TSKCK3C56CGQJGDOSJCYMIDY,1
BZVHOJ5RPGT4TSKCK3C56CGQJGDOSJCYMIDZ,0
BZVHOJ5RPGT4TSKCK3C56CGQJGDOSJCYMID2,0
BZVHOJ5RPGT4TSKCK3C56CGQJGDOSJCYMID3,0
BZVHOJ5RPGT4TSKCK3C56CGQJGDOSJCYMID4,0
BZVHOJ5RPGT4TSKCK3C56CGQJGDOSJCYMID5,0
BZVHOJ5RPGT4TSKCK3C56CGQJGDOSJCYMID6,0
BZVHOJ5RPGT4TSKCK3C56CGQJGDOSJCYMID7,0
A6UC2YTQWYRRGW6Z3VLWPAFLC6CHZJPC2DKQ,0
A6UC2YTQWYRRGW6Z3VLWPAFLC6CHZJPC2DKR,0
A6UC2YTQWYRRGW6Z3VLWPAFLC6CHZJPC2DKS,1
A6UC2YTQWYRRGW6Z3VLWPAFLC6CHZJPC2DKT,0
A6UC2YTQWYRRGW6Z3VLWPAFLC6CHZJPC2DKU,0
A6UC2YTQWYRRGW6Z3VLWPAFLC6CHZJPC2DKV,0
A6UC2YTQWYRRGW6Z3VLWPAFLC6CHZJPC2DKW,0
A6UC2YTQWYRRGW6Z3VLWPAFLC6CHZJPC2DKX,0
A6UC2YTQWYRRGW6Z3VLWPAFLC6CHZJPC2DKY,0
A6UC2YTQWYRRGW6Z3VLWPAFLC6CHZJPC2DKZ,0
A6UC2YTQWYRRGW6Z3VLWPAFLC6CHZJPC2DK2,0
A6UC2YTQWYRRGW6Z3VLWPAFLC6CHZJPC2DK3,0
A6UC2YTQWYRRGW6Z3VLWPAFLC6CHZJPC2DK4,0
A6UC2YTQWYRRGW6Z3VLWPAFLC6CHZJPC2DK5,0
A6UC2YTQWYRRGW6Z3VLWPAFLC6CHZJPC2DK6,0
A6UC2YTQWYRRGW6Z3VLWPAFLC6CHZJPC2DK7,0
AXKYVCJ3NGN25YZFLCBF7KYHUAUSXNZCQFHQ,0
AXKYVCJ3NGN25YZFLCBF7KYHUAUSXNZCQFHR,0
AXKYVCJ3NGN25YZFLCBF7KYHUAUSXNZCQFHS,0
AXKYVCJ3NGN25YZFLCBF7KYHUAUSXNZCQFHT,0
AXKYVCJ3NGN25YZFLCBF7KYHUAUSXNZCQFHU,0
AXKYVCJ3NGN25YZFLCBF7KYHUAUSXNZCQFHV,1
AXKYVCJ3NGN25YZFLCBF7KYHUAUSXNZCQFHW,0
AXKYVCJ3NGN25YZFLCBF7KYHUAUSXNZCQFHX,0
AXKYVCJ3NGN25YZFLCBF7KYHUAUSXNZCQFHY,0
AXKYVCJ3NGN25YZFLCBF7KYHUAUSXNZCQFHZ,0
AXKYVCJ3NGN25YZFLCBF7KYHUAUSXNZCQFH2,0
AXKYVCJ3NGN25YZFLCBF7KYHUAUSXNZCQFH3,0
AXKYVCJ3NGN25YZFLCBF7KYHUAUSXNZCQFH4,0
AXKYVCJ3NGN25YZFLCBF7KYHUAUSXNZCQFH5,0
AXKYVCJ3NGN25YZFLCBF7KYHUAUSXNZCQFH6,0
AXKYVCJ3NGN25YZFLCBF7KYHUAUSXNZCQFH7,0
JBBDP6O32VTL22A4Z63LJXERGXTR7Q75MVNQ,0
JBBDP6O32VTL22A4Z63LJXERGXTR7Q75MVNR,0
JBBDP6O32VTL22A4Z63LJXERGXTR7Q75MVNS,0
JBBDP6O32VTL22A4Z63LJXERGXTR7Q75MVNT,1
JBBDP6O32VTL22A4Z63LJXERGXTR7Q75MVNU,0
JBBDP6O32VTL22A4Z63LJXERGXTR7Q75MVNV,0
JBBDP6O32VTL22A4Z63LJXERGXTR7Q75MVNW,0
JBBDP6O32VTL22A4Z63LJXERGXTR7Q75MVNX,0
JBBDP6O32VTL22A4Z63LJXERGXTR7Q75MVNY,0
JBBDP6O32VTL22A4Z63LJXERGXTR7Q75MVNZ,0
JBBDP6O32VTL22A4Z63LJXERGXTR7Q75MVN2,0
JBBDP6O32VTL22A4Z63LJXERGXTR7Q75MVN3,0
JBBDP6O32VTL22A4Z63LJXERGXTR7Q75MVN4,0
JBBDP6O32VTL22A4Z63LJXERGXTR7Q75MVN5,0
JBBDP6O32VTL22A4Z63LJXERGXTR7Q75MVN6,0
JBBDP6O32VTL22A4Z63LJXERGXTR7Q75MVN7,0
KRC3AONZFAIOS4TAVIVXKRS4DNA4NA4SALQQ,0
KRC3AONZFAIOS4TAVIVXKRS4DNA4NA4SALQR,0
KRC3AONZFAIOS4TAVIVXKRS4DNA4NA4SALQS,0
KRC3AONZFAIOS4TAVIVXKRS4DNA4NA4SALQT,0
KRC3AONZFAIOS4TAVIVXKRS4DNA4NA4SALQU,0
KRC3AONZFAIOS4TAVIVXKRS4DNA4NA4SALQV,1
KRC3AONZFAIOS4TAVIVXKRS4DNA4NA4SALQW,0
KRC3AONZFAIOS4TAVIVXKRS4DNA4NA4SALQX,0
KRC3AONZFAIOS4TAVIVXKRS4DNA4NA4SALQY,0
KRC3AONZFAIOS4TAVIVXKRS4DNA4NA4SALQZ,0
KRC3AONZFAIOS4TAVIVXKRS4DNA4NA4SALQ2,0
KRC3AONZFAIOS4TAVIVXKRS4DNA4NA4SALQ3,0
KRC3AONZFAIOS4TAVIVXKRS4DNA4NA4SALQ4,0
KRC3AONZFAIOS4TAVIVXKRS4DNA4NA4SALQ5,0
KRC3AONZFAIOS4TAVIVXKRS4DNA4NA4SALQ6,0
KRC3AONZFAIOS4TAVIVXKRS4DNA4NA4SALQ7,0
4OT4X5A3OMGAZEMHT47NYS5WSCGUT4NTIUTQ,0
4OT4X5A3OMGAZEMHT47NYS5WSCGUT4NTIUTR,0
4OT4X5A3OMGAZEMHT47NYS5WSCGUT4NTIUTS,0
4OT4X5A3OMGAZEMHT47NYS5WSCGUT4NTIUTT,0
4OT4X5A3OMGAZEMHT47NYS5WSCGUT4NTIUTU,0
4OT4X5A3OMGAZEMHT47NYS5WSCGUT4NTIUTV,0
4OT4X5A3OMGAZEMHT47NYS5WSCGUT4NTIUTW,0
4OT4X5A3OMGAZEMHT47NYS5WSCGUT4NTIUTX,0
4OT4X5A3OMGAZEMHT47NYS5WSCGUT4NTIUTY,0
4OT4X5A3OMGAZEMHT47NYS5WSCGUT4NTIUTZ,1
4OT4X5A3OMGAZEMHT47NYS5WSCGUT4NTIUT2,0
4OT4X5A3OMGAZEMHT47NYS5WSCGUT4NTIUT3,0
4OT4X5A3OMGAZEMHT47NYS5WSCGUT4NTIUT4,0
4OT4X5A3OMGAZEMHT47NYS5WSCGUT4NTIUT5,0
4OT4X5A3OMGAZEMHT47NYS5WSCGUT4NTIUT6,0
4OT4X5A3OMGAZEMHT47NYS5WSCGUT4NTIUT7,0
3EPPZOUJLHI5HAAYI2WKO7GOI56JM4LBBTPQ,0
3EPPZOUJLHI5HAAYI2WKO7GOI56JM4LBBTPR,1
3EPPZOUJLHI5HAAYI2WKO7GOI56JM4LBBTPS,0
3EPPZOUJLHI5HAAYI2WKO7GOI56JM4LBBTPT,0
3EPPZOUJLHI5HAAYI2WKO7GOI56JM4LBBTPU,0
3EPPZOUJLHI5HAAYI2WKO7GOI56JM4LBBTPV,0
3EPPZOUJLHI5HAAYI2WKO7GOI56JM4LBBTPW,0
3EPPZOUJLHI5HAAYI2WKO7GOI56JM4LBBTPX,0
3EPPZOUJLHI5HAAYI2WKO7GOI56JM4LBBTPY,0
3EPPZOUJLHI5HAAYI2WKO7GOI56JM4LBBTPZ,0
3EPPZOUJLHI5HAAYI2WKO7GOI56JM4LBBTP2,0
3EPPZOUJLHI5HAAYI2WKO7GOI56JM4LBBTP3,0
3EPPZOUJLHI5HAAYI2WKO7GOI56JM4LBBTP4,0
3EPPZOUJLHI5HAAYI2WKO7GOI56JM4LBBTP5,0
3EPPZOUJLHI5HAAYI2WKO7GOI56JM4LBBTP6,0
3EPPZOUJLHI5HAAYI2WKO7GOI56JM4LBBTP7,0
36SMSNNDT4KQJZBHWJNWYK3DDY3IA5PBVNFQ,0
36SMSNNDT4KQJZBHWJNWYK3DDY3IA5PBVNFR,0
36SMSNNDT4KQJZBHWJNWYK3DDY3IA5PBVNFS,0
36SMSNNDT4KQJZBHWJNWYK3DDY3IA5PBVNFT,0
36SMSNNDT4KQJZBHWJNWYK3DDY3IA5PBVNFU,0
36SMSNNDT4KQJZBHWJNWYK3DDY3IA5PBVNFV,0
36SMSNNDT4KQJZBHWJNWYK3DDY3IA5PBVNFW,0
36SMSNNDT4KQJZBHWJNWYK3DDY3IA5PBVNFX,0
36SMSNNDT4KQJZBHWJNWYK3DDY3IA5PBVNFY,1
36SMSNNDT4KQJZBHWJNWYK3DDY3IA5PBVNFZ,0
36SMSNNDT4KQJZBHWJNWYK3DDY3IA5PBVNF2,0
36SMSNNDT4KQJZBHWJNWYK3DDY3IA5PBVNF3,0
36SMSNNDT4KQJZBHWJNWYK3DDY3IA5PBVNF4,0
36SMSNNDT4KQJZBHWJNWYK3DDY3IA5PBVNF5,0
36SMSNNDT4KQJZBHWJNWYK3DDY3IA5PBVNF6,0
36SMSNNDT4KQJZBHWJNWYK3DDY3IA5PBVNF7,0
QBOKSYESVWFWVMHVRAXKVCEAKAV6N52U4Z4Q,0
QBOKSYESVWFWVMHVRAXKVCEAKAV6N52U4Z4R,0
QBOKSYESVWFWVMHVRAXKVCEAKAV6N52U4Z4S,0
QBOKSYESVWFWVMHVRAXKVCEAKAV6N52U4Z4T,0
QBOKSYESVWFWVMHVRAXKVCEAKAV6N52U4Z4U,0
QBOKSYESVWFWVMHVRAXKVCEAKAV6N52U4Z4V,0
QBOKSYESVWFWVMHVRAXKVCEAKAV6N52U4Z4W,1
QBOKSYESVWFWVMHVRAXKVCEAKAV6N52U4Z4X,0
QBOKSYESVWFWVMHVRAXKVCEAKAV6N52U4Z4Y,0
QBOKSYESVWFWVMHVRAXKVCEAKAV6N52U4Z4Z,0
QBOKSYESVWFWVMHVRAXKVCEAKAV6N52U4Z42,0
QBOKSYESVWFWVMHVRAXKVCEAKAV6N52U4Z43,0
QBOKSYESVWFWVMHVRAXKVCEAKAV6N52U4Z44,0
QBOKSYESVWFWVMHVRAXKVCEAKAV6N52U4Z45,0
QBOKSYESVWFWVMHVRAXKVCEAKAV6N52U4Z46,0
QBOKSYESVWFWVMHVRAXKVCEAKAV6N52U4Z47,0
